scene_category,scene_leaf_examples,n_objects,n_classes,n,coverage,abstention_rate,conflict_rate,all_object_accuracy,all_object_fidelity_to_base,covered_accuracy,covered_fidelity_to_base
abbey,abbey,4,1,4.0,0.0,1.0,1.0,0.0,0.0,,
access_road,access_road,4,1,4.0,0.0,1.0,1.0,0.0,0.0,,
airfield,airfield,4,1,4.0,0.0,1.0,1.0,0.0,0.0,,
airplane_cabin,airplane_cabin,4,1,4.0,0.0,1.0,1.0,0.0,0.0,,
airport/airport,airport,4,1,4.0,0.0,1.0,1.0,0.0,0.0,,
airport/entrance,entrance,4,1,4.0,0.0,1.0,1.0,0.0,0.0,,
airport_terminal,airport_terminal,4,1,4.0,0.0,1.0,1.0,0.0,0.0,,
alcove,alcove,4,1,4.0,0.0,1.0,1.0,0.0,0.0,,
amusement_arcade,amusement_arcade,4,1,4.0,0.0,1.0,1.0,0.0,0.0,,
amusement_park,amusement_park,4,1,4.0,0.0,1.0,1.0,0.0,0.0,,
anechoic_chamber,anechoic_chamber,4,1,4.0,0.0,1.0,1.0,0.0,0.0,,
apartment_building/outdoor,outdoor,4,1,4.0,0.0,1.0,1.0,0.0,0.0,,
apse/outdoor,outdoor,4,1,4.0,0.0,1.0,1.0,0.0,0.0,,
aqueduct,aqueduct,4,1,4.0,0.0,1.0,1.0,0.0,0.0,,
arena/hockey,hockey,4,1,4.0,0.0,1.0,1.0,0.0,0.0,,
armory,armory,4,1,4.0,0.0,1.0,1.0,0.0,0.0,,
art_gallery,art_gallery,4,1,4.0,0.0,1.0,1.0,0.0,0.0,,
art_studio,art_studio,4,1,4.0,0.0,1.0,1.0,0.0,0.0,,
assembly_line,assembly_line,4,1,4.0,0.0,1.0,1.0,0.0,0.0,,
atrium/home,home,4,1,4.0,0.0,1.0,1.0,0.0,0.0,,
atrium/public,public,4,1,4.0,0.0,1.0,1.0,0.0,0.0,,
auto_factory,auto_factory,4,1,4.0,0.0,1.0,1.0,0.0,0.0,,
auto_mechanics/indoor,indoor,4,1,4.0,0.0,1.0,1.0,0.0,0.0,,
auto_racing_paddock,auto_racing_paddock,4,1,4.0,0.0,1.0,1.0,0.0,0.0,,
auto_showroom,auto_showroom,4,1,4.0,0.0,1.0,1.0,0.0,0.0,,
backstage,backstage,4,1,4.0,0.0,1.0,1.0,0.0,0.0,,
badlands,badlands,4,1,4.0,0.0,1.0,1.0,0.0,0.0,,
badminton_court/indoor,indoor,4,1,4.0,0.0,1.0,1.0,0.0,0.0,,
badminton_court/outdoor,outdoor,4,1,4.0,0.0,1.0,1.0,0.0,0.0,,
baggage_claim,baggage_claim,4,1,4.0,0.0,1.0,1.0,0.0,0.0,,
bakery/kitchen,kitchen,4,1,4.0,0.0,1.0,1.0,0.0,0.0,,
balcony/exterior,exterior,4,1,4.0,0.0,1.0,1.0,0.0,0.0,,
balcony/interior,interior,4,1,4.0,0.0,1.0,1.0,0.0,0.0,,
bank/indoor,indoor,4,1,4.0,0.0,1.0,1.0,0.0,0.0,,
bank/outdoor,outdoor,4,1,4.0,0.0,1.0,1.0,0.0,0.0,,
banquet_hall,banquet_hall,4,1,4.0,0.0,1.0,1.0,0.0,0.0,,
baptistry/outdoor,outdoor,4,1,4.0,0.0,1.0,1.0,0.0,0.0,,
bar,bar,4,1,4.0,0.0,1.0,1.0,0.0,0.0,,
barn,barn,4,1,4.0,0.0,1.0,1.0,0.0,0.0,,
basement,basement,4,1,4.0,0.0,1.0,1.0,0.0,0.0,,
basketball_court/indoor,indoor,4,1,4.0,0.0,1.0,1.0,0.0,0.0,,
bathroom,bathroom,4,1,4.0,0.0,1.0,1.0,0.0,0.0,,
batters_box,batters_box,4,1,4.0,0.0,1.0,1.0,0.0,0.0,,
batting_cage/indoor,indoor,4,1,4.0,0.0,1.0,1.0,0.0,0.0,,
bayou,bayou,4,1,4.0,0.0,1.0,1.0,0.0,0.0,,
beach_house,beach_house,4,1,4.0,0.0,1.0,1.0,0.0,0.0,,
bedchamber,bedchamber,4,1,4.0,0.0,1.0,1.0,0.0,0.0,,
bedroom,bedroom,4,1,4.0,0.0,1.0,1.0,0.0,0.0,,
beer_hall,beer_hall,4,1,4.0,0.0,1.0,1.0,0.0,0.0,,
bell_foundry,bell_foundry,4,1,4.0,0.0,1.0,1.0,0.0,0.0,,
berth,berth,4,1,4.0,0.0,1.0,1.0,0.0,0.0,,
bicycle_racks,bicycle_racks,4,1,4.0,0.0,1.0,1.0,0.0,0.0,,
bindery,bindery,4,1,4.0,0.0,1.0,1.0,0.0,0.0,,
biology_laboratory,biology_laboratory,4,1,4.0,0.0,1.0,1.0,0.0,0.0,,
bistro/indoor,indoor,4,1,4.0,0.0,1.0,1.0,0.0,0.0,,
bistro/outdoor,outdoor,4,1,4.0,0.0,1.0,1.0,0.0,0.0,,
bleachers/outdoor,outdoor,4,1,4.0,0.0,1.0,1.0,0.0,0.0,,
boat_deck,boat_deck,4,1,4.0,0.0,1.0,1.0,0.0,0.0,,
bookstore,bookstore,4,1,4.0,0.0,1.0,1.0,0.0,0.0,,
botanical_garden,botanical_garden,4,1,4.0,0.0,1.0,1.0,0.0,0.0,,
bow_window/outdoor,outdoor,4,1,4.0,0.0,1.0,1.0,0.0,0.0,,
bowling_alley,bowling_alley,4,1,4.0,0.0,1.0,1.0,0.0,0.0,,
boxing_ring,boxing_ring,4,1,4.0,0.0,1.0,1.0,0.0,0.0,,
brewery/outdoor,outdoor,4,1,4.0,0.0,1.0,1.0,0.0,0.0,,
brickyard/outdoor,outdoor,4,1,4.0,0.0,1.0,1.0,0.0,0.0,,
building_complex,building_complex,4,1,4.0,0.0,1.0,1.0,0.0,0.0,,
building_facade,building_facade,4,1,4.0,0.0,1.0,1.0,0.0,0.0,,
bullpen,bullpen,4,1,4.0,0.0,1.0,1.0,0.0,0.0,,
bullring,bullring,4,1,4.0,0.0,1.0,1.0,0.0,0.0,,
bus_interior,bus_interior,4,1,4.0,0.0,1.0,1.0,0.0,0.0,,
bus_shelter,bus_shelter,4,1,4.0,0.0,1.0,1.0,0.0,0.0,,
bus_station/outdoor,outdoor,4,1,4.0,0.0,1.0,1.0,0.0,0.0,,
butte,butte,4,1,4.0,0.0,1.0,1.0,0.0,0.0,,
cabin/outdoor,outdoor,4,1,4.0,0.0,1.0,1.0,0.0,0.0,,
cafeteria,cafeteria,4,1,4.0,0.0,1.0,1.0,0.0,0.0,,
call_center,call_center,4,1,4.0,0.0,1.0,1.0,0.0,0.0,,
campsite,campsite,4,1,4.0,0.0,1.0,1.0,0.0,0.0,,
campus,campus,4,1,4.0,0.0,1.0,1.0,0.0,0.0,,
candy_store,candy_store,4,1,4.0,0.0,1.0,1.0,0.0,0.0,,
canteen,canteen,4,1,4.0,0.0,1.0,1.0,0.0,0.0,,
canyon,canyon,4,1,4.0,0.0,1.0,1.0,0.0,0.0,,
car_interior/backseat,backseat,4,1,4.0,0.0,1.0,1.0,0.0,0.0,,
caravansary,caravansary,4,1,4.0,0.0,1.0,1.0,0.0,0.0,,
cardroom,cardroom,4,1,4.0,0.0,1.0,1.0,0.0,0.0,,
cargo_deck/airplane,airplane,4,1,4.0,0.0,1.0,1.0,0.0,0.0,,
carport/freestanding,freestanding,4,1,4.0,0.0,1.0,1.0,0.0,0.0,,
carport/outdoor,outdoor,4,1,4.0,0.0,1.0,1.0,0.0,0.0,,
carrousel,carrousel,4,1,4.0,0.0,1.0,1.0,0.0,0.0,,
casino/indoor,indoor,4,1,4.0,0.0,1.0,1.0,0.0,0.0,,
castle,castle,4,1,4.0,0.0,1.0,1.0,0.0,0.0,,
cathedral/indoor,indoor,4,1,4.0,0.0,1.0,1.0,0.0,0.0,,
cathedral/outdoor,outdoor,4,1,4.0,0.0,1.0,1.0,0.0,0.0,,
chalet,chalet,4,1,4.0,0.0,1.0,1.0,0.0,0.0,,
chaparral,chaparral,4,1,4.0,0.0,1.0,1.0,0.0,0.0,,
chapel,chapel,4,1,4.0,0.0,1.0,1.0,0.0,0.0,,
checkout_counter,checkout_counter,4,1,4.0,0.0,1.0,1.0,0.0,0.0,,
chemical_plant,chemical_plant,4,1,4.0,0.0,1.0,1.0,0.0,0.0,,
chicken_coop/outdoor,outdoor,4,1,4.0,0.0,1.0,1.0,0.0,0.0,,
chicken_farm/indoor,indoor,4,1,4.0,0.0,1.0,1.0,0.0,0.0,,
childs_room,childs_room,4,1,4.0,0.0,1.0,1.0,0.0,0.0,,
church/outdoor,outdoor,4,1,4.0,0.0,1.0,1.0,0.0,0.0,,
circus_tent/indoor,indoor,4,1,4.0,0.0,1.0,1.0,0.0,0.0,,
circus_tent/outdoor,outdoor,4,1,4.0,0.0,1.0,1.0,0.0,0.0,,
city,city,4,1,4.0,0.0,1.0,1.0,0.0,0.0,,
classroom,classroom,4,1,4.0,0.0,1.0,1.0,0.0,0.0,,
clean_room,clean_room,4,1,4.0,0.0,1.0,1.0,0.0,0.0,,
cliff,cliff,4,1,4.0,0.0,1.0,1.0,0.0,0.0,,
cloister/outdoor,outdoor,4,1,4.0,0.0,1.0,1.0,0.0,0.0,,
clothing_store,clothing_store,4,1,4.0,0.0,1.0,1.0,0.0,0.0,,
coast,coast,4,1,4.0,0.0,1.0,1.0,0.0,0.0,,
cockpit,cockpit,4,1,4.0,0.0,1.0,1.0,0.0,0.0,,
coffee_shop,coffee_shop,4,1,4.0,0.0,1.0,1.0,0.0,0.0,,
computer_room,computer_room,4,1,4.0,0.0,1.0,1.0,0.0,0.0,,
conference_center,conference_center,4,1,4.0,0.0,1.0,1.0,0.0,0.0,,
conference_hall,conference_hall,4,1,4.0,0.0,1.0,1.0,0.0,0.0,,
conference_room,conference_room,4,1,4.0,0.0,1.0,1.0,0.0,0.0,,
construction_site,construction_site,4,1,4.0,0.0,1.0,1.0,0.0,0.0,,
control_room,control_room,4,1,4.0,0.0,1.0,1.0,0.0,0.0,,
control_tower/indoor,indoor,4,1,4.0,0.0,1.0,1.0,0.0,0.0,,
control_tower/outdoor,outdoor,4,1,4.0,0.0,1.0,1.0,0.0,0.0,,
convenience_store/indoor,indoor,4,1,4.0,0.0,1.0,1.0,0.0,0.0,,
corn_field,corn_field,4,1,4.0,0.0,1.0,1.0,0.0,0.0,,
corridor,corridor,4,1,4.0,0.0,1.0,1.0,0.0,0.0,,
cottage,cottage,4,1,4.0,0.0,1.0,1.0,0.0,0.0,,
cottage_garden,cottage_garden,4,1,4.0,0.0,1.0,1.0,0.0,0.0,,
courthouse,courthouse,4,1,4.0,0.0,1.0,1.0,0.0,0.0,,
courtroom,courtroom,4,1,4.0,0.0,1.0,1.0,0.0,0.0,,
courtyard,courtyard,4,1,4.0,0.0,1.0,1.0,0.0,0.0,,
covered_bridge/exterior,exterior,4,1,4.0,0.0,1.0,1.0,0.0,0.0,,
crawl_space,crawl_space,4,1,4.0,0.0,1.0,1.0,0.0,0.0,,
creek,creek,4,1,4.0,0.0,1.0,1.0,0.0,0.0,,
cybercafe,cybercafe,4,1,4.0,0.0,1.0,1.0,0.0,0.0,,
dacha,dacha,4,1,4.0,0.0,1.0,1.0,0.0,0.0,,
dairy/indoor,indoor,4,1,4.0,0.0,1.0,1.0,0.0,0.0,,
day_care_center,day_care_center,4,1,4.0,0.0,1.0,1.0,0.0,0.0,,
dentists_office,dentists_office,4,1,4.0,0.0,1.0,1.0,0.0,0.0,,
departure_lounge,departure_lounge,4,1,4.0,0.0,1.0,1.0,0.0,0.0,,
desert/sand,sand,4,1,4.0,0.0,1.0,1.0,0.0,0.0,,
desert/vegetation,vegetation,4,1,4.0,0.0,1.0,1.0,0.0,0.0,,
desert_road,desert_road,4,1,4.0,0.0,1.0,1.0,0.0,0.0,,
diner/indoor,indoor,4,1,4.0,0.0,1.0,1.0,0.0,0.0,,
diner/outdoor,outdoor,4,1,4.0,0.0,1.0,1.0,0.0,0.0,,
dinette/home,home,4,1,4.0,0.0,1.0,1.0,0.0,0.0,,
dinette/vehicle,vehicle,4,1,4.0,0.0,1.0,1.0,0.0,0.0,,
dining_car,dining_car,4,1,4.0,0.0,1.0,1.0,0.0,0.0,,
dining_room,dining_room,4,1,4.0,0.0,1.0,1.0,0.0,0.0,,
dock,dock,4,1,4.0,0.0,1.0,1.0,0.0,0.0,,
dolmen,dolmen,4,1,4.0,0.0,1.0,1.0,0.0,0.0,,
donjon,donjon,4,1,4.0,0.0,1.0,1.0,0.0,0.0,,
doorway/outdoor,outdoor,4,1,4.0,0.0,1.0,1.0,0.0,0.0,,
dorm_room,dorm_room,4,1,4.0,0.0,1.0,1.0,0.0,0.0,,
downtown,downtown,4,1,4.0,0.0,1.0,1.0,0.0,0.0,,
drainage_ditch,drainage_ditch,4,1,4.0,0.0,1.0,1.0,0.0,0.0,,
dugout,dugout,4,1,4.0,0.0,1.0,1.0,0.0,0.0,,
editing_room,editing_room,4,1,4.0,0.0,1.0,1.0,0.0,0.0,,
elevator/door,door,4,1,4.0,0.0,1.0,1.0,0.0,0.0,,
elevator/freight_elevator,freight_elevator,4,1,4.0,0.0,1.0,1.0,0.0,0.0,,
elevator_lobby,elevator_lobby,4,1,4.0,0.0,1.0,1.0,0.0,0.0,,
elevator_shaft,elevator_shaft,4,1,4.0,0.0,1.0,1.0,0.0,0.0,,
embassy,embassy,4,1,4.0,0.0,1.0,1.0,0.0,0.0,,
engine_room,engine_room,4,1,4.0,0.0,1.0,1.0,0.0,0.0,,
escalator/indoor,indoor,4,1,4.0,0.0,1.0,1.0,0.0,0.0,,
escalator/outdoor,outdoor,4,1,4.0,0.0,1.0,1.0,0.0,0.0,,
estuary,estuary,4,1,4.0,0.0,1.0,1.0,0.0,0.0,,
factory/indoor,indoor,4,1,4.0,0.0,1.0,1.0,0.0,0.0,,
farm,farm,4,1,4.0,0.0,1.0,1.0,0.0,0.0,,
fastfood_restaurant,fastfood_restaurant,4,1,4.0,0.0,1.0,1.0,0.0,0.0,,
fence,fence,4,1,4.0,0.0,1.0,1.0,0.0,0.0,,
ferryboat/outdoor,outdoor,4,1,4.0,0.0,1.0,1.0,0.0,0.0,,
field/wild,wild,4,1,4.0,0.0,1.0,1.0,0.0,0.0,,
field_road,field_road,4,1,4.0,0.0,1.0,1.0,0.0,0.0,,
fire_escape,fire_escape,4,1,4.0,0.0,1.0,1.0,0.0,0.0,,
fire_station,fire_station,4,1,4.0,0.0,1.0,1.0,0.0,0.0,,
firing_range/outdoor,outdoor,4,1,4.0,0.0,1.0,1.0,0.0,0.0,,
fjord,fjord,4,1,4.0,0.0,1.0,1.0,0.0,0.0,,
flea_market/indoor,indoor,4,1,4.0,0.0,1.0,1.0,0.0,0.0,,
flea_market/outdoor,outdoor,4,1,4.0,0.0,1.0,1.0,0.0,0.0,,
flight_of_stairs/urban,urban,4,1,4.0,0.0,1.0,1.0,0.0,0.0,,
flood,flood,4,1,4.0,0.0,1.0,1.0,0.0,0.0,,
florist_shop/indoor,indoor,4,1,4.0,0.0,1.0,1.0,0.0,0.0,,
fly_bridge,fly_bridge,4,1,4.0,0.0,1.0,1.0,0.0,0.0,,
food_court,food_court,4,1,4.0,0.0,1.0,1.0,0.0,0.0,,
forest/broadleaf,broadleaf,4,1,4.0,0.0,1.0,1.0,0.0,0.0,,
forest/needleleaf,needleleaf,4,1,4.0,0.0,1.0,1.0,0.0,0.0,,
forest_road,forest_road,4,1,4.0,0.0,1.0,1.0,0.0,0.0,,
formal_garden,formal_garden,4,1,4.0,0.0,1.0,1.0,0.0,0.0,,
fort,fort,4,1,4.0,0.0,1.0,1.0,0.0,0.0,,
fortress,fortress,4,1,4.0,0.0,1.0,1.0,0.0,0.0,,
foundry/outdoor,outdoor,4,1,4.0,0.0,1.0,1.0,0.0,0.0,,
freeway,freeway,4,1,4.0,0.0,1.0,1.0,0.0,0.0,,
game_room,game_room,4,1,4.0,0.0,1.0,1.0,0.0,0.0,,
gangplank,gangplank,4,1,4.0,0.0,1.0,1.0,0.0,0.0,,
garage/indoor,indoor,4,1,4.0,0.0,1.0,1.0,0.0,0.0,,
garage/outdoor,outdoor,4,1,4.0,0.0,1.0,1.0,0.0,0.0,,
gas_station,gas_station,4,1,4.0,0.0,1.0,1.0,0.0,0.0,,
gasworks,gasworks,4,1,4.0,0.0,1.0,1.0,0.0,0.0,,
gatehouse,gatehouse,4,1,4.0,0.0,1.0,1.0,0.0,0.0,,
gazebo/exterior,exterior,4,1,4.0,0.0,1.0,1.0,0.0,0.0,,
general_store/indoor,indoor,4,1,4.0,0.0,1.0,1.0,0.0,0.0,,
general_store/outdoor,outdoor,4,1,4.0,0.0,1.0,1.0,0.0,0.0,,
geodesic_dome/outdoor,outdoor,4,1,4.0,0.0,1.0,1.0,0.0,0.0,,
ghost_town,ghost_town,4,1,4.0,0.0,1.0,1.0,0.0,0.0,,
gift_shop,gift_shop,4,1,4.0,0.0,1.0,1.0,0.0,0.0,,
glacier,glacier,4,1,4.0,0.0,1.0,1.0,0.0,0.0,,
gorge,gorge,4,1,4.0,0.0,1.0,1.0,0.0,0.0,,
greenhouse/outdoor,outdoor,4,1,4.0,0.0,1.0,1.0,0.0,0.0,,
guardhouse,guardhouse,4,1,4.0,0.0,1.0,1.0,0.0,0.0,,
gulch,gulch,4,1,4.0,0.0,1.0,1.0,0.0,0.0,,
gun_deck/indoor,indoor,4,1,4.0,0.0,1.0,1.0,0.0,0.0,,
gymnasium/indoor,indoor,4,1,4.0,0.0,1.0,1.0,0.0,0.0,,
hacienda,hacienda,4,1,4.0,0.0,1.0,1.0,0.0,0.0,,
hangar/outdoor,outdoor,4,1,4.0,0.0,1.0,1.0,0.0,0.0,,
harbor,harbor,4,1,4.0,0.0,1.0,1.0,0.0,0.0,,
heath,heath,4,1,4.0,0.0,1.0,1.0,0.0,0.0,,
hedgerow,hedgerow,4,1,4.0,0.0,1.0,1.0,0.0,0.0,,
herb_garden,herb_garden,4,1,4.0,0.0,1.0,1.0,0.0,0.0,,
highway,highway,4,1,4.0,0.0,1.0,1.0,0.0,0.0,,
hill,hill,4,1,4.0,0.0,1.0,1.0,0.0,0.0,,
home_office,home_office,4,1,4.0,0.0,1.0,1.0,0.0,0.0,,
home_theater,home_theater,4,1,4.0,0.0,1.0,1.0,0.0,0.0,,
hospital,hospital,4,1,4.0,0.0,1.0,1.0,0.0,0.0,,
hospital_room,hospital_room,4,1,4.0,0.0,1.0,1.0,0.0,0.0,,
hot_spring,hot_spring,4,1,4.0,0.0,1.0,1.0,0.0,0.0,,
hot_tub/indoor,indoor,4,1,4.0,0.0,1.0,1.0,0.0,0.0,,
hotel/outdoor,outdoor,4,1,4.0,0.0,1.0,1.0,0.0,0.0,,
hotel_breakfast_area,hotel_breakfast_area,4,1,4.0,0.0,1.0,1.0,0.0,0.0,,
house,house,4,1,4.0,0.0,1.0,1.0,0.0,0.0,,
hunting_lodge/indoor,indoor,4,1,4.0,0.0,1.0,1.0,0.0,0.0,,
hunting_lodge/outdoor,outdoor,4,1,4.0,0.0,1.0,1.0,0.0,0.0,,
hut,hut,4,1,4.0,0.0,1.0,1.0,0.0,0.0,,
ice_floe,ice_floe,4,1,4.0,0.0,1.0,1.0,0.0,0.0,,
ice_skating_rink/indoor,indoor,4,1,4.0,0.0,1.0,1.0,0.0,0.0,,
ice_skating_rink/outdoor,outdoor,4,1,4.0,0.0,1.0,1.0,0.0,0.0,,
iceberg,iceberg,4,1,4.0,0.0,1.0,1.0,0.0,0.0,,
industrial_park,industrial_park,4,1,4.0,0.0,1.0,1.0,0.0,0.0,,
inn/indoor,indoor,4,1,4.0,0.0,1.0,1.0,0.0,0.0,,
inn/outdoor,outdoor,4,1,4.0,0.0,1.0,1.0,0.0,0.0,,
irrigation_ditch,irrigation_ditch,4,1,4.0,0.0,1.0,1.0,0.0,0.0,,
islet,islet,4,1,4.0,0.0,1.0,1.0,0.0,0.0,,
jail/indoor,indoor,4,1,4.0,0.0,1.0,1.0,0.0,0.0,,
jail/outdoor,outdoor,4,1,4.0,0.0,1.0,1.0,0.0,0.0,,
jewelry_shop,jewelry_shop,4,1,4.0,0.0,1.0,1.0,0.0,0.0,,
junk_pile,junk_pile,4,1,4.0,0.0,1.0,1.0,0.0,0.0,,
junkyard,junkyard,4,1,4.0,0.0,1.0,1.0,0.0,0.0,,
jury_box,jury_box,4,1,4.0,0.0,1.0,1.0,0.0,0.0,,
kasbah,kasbah,4,1,4.0,0.0,1.0,1.0,0.0,0.0,,
kennel/outdoor,outdoor,4,1,4.0,0.0,1.0,1.0,0.0,0.0,,
kindergarden_classroom,kindergarden_classroom,4,1,4.0,0.0,1.0,1.0,0.0,0.0,,
kiosk/indoor,indoor,4,1,4.0,0.0,1.0,1.0,0.0,0.0,,
kiosk/outdoor,outdoor,4,1,4.0,0.0,1.0,1.0,0.0,0.0,,
kitchen,kitchen,4,1,4.0,0.0,1.0,1.0,0.0,0.0,,
kitchenette,kitchenette,4,1,4.0,0.0,1.0,1.0,0.0,0.0,,
lab_classroom,lab_classroom,4,1,4.0,0.0,1.0,1.0,0.0,0.0,,
labyrinth/indoor,indoor,4,1,4.0,0.0,1.0,1.0,0.0,0.0,,
lagoon,lagoon,4,1,4.0,0.0,1.0,1.0,0.0,0.0,,
lake/natural,natural,4,1,4.0,0.0,1.0,1.0,0.0,0.0,,
laundromat,laundromat,4,1,4.0,0.0,1.0,1.0,0.0,0.0,,
lean-to,lean-to,4,1,4.0,0.0,1.0,1.0,0.0,0.0,,
lecture_room,lecture_room,4,1,4.0,0.0,1.0,1.0,0.0,0.0,,
levee,levee,4,1,4.0,0.0,1.0,1.0,0.0,0.0,,
library/indoor,indoor,4,1,4.0,0.0,1.0,1.0,0.0,0.0,,
library/outdoor,outdoor,4,1,4.0,0.0,1.0,1.0,0.0,0.0,,
lighthouse,lighthouse,4,1,4.0,0.0,1.0,1.0,0.0,0.0,,
limousine_interior,limousine_interior,4,1,4.0,0.0,1.0,1.0,0.0,0.0,,
liquor_store/indoor,indoor,4,1,4.0,0.0,1.0,1.0,0.0,0.0,,
liquor_store/outdoor,outdoor,4,1,4.0,0.0,1.0,1.0,0.0,0.0,,
living_room,living_room,4,1,4.0,0.0,1.0,1.0,0.0,0.0,,
loading_dock,loading_dock,4,1,4.0,0.0,1.0,1.0,0.0,0.0,,
lobby,lobby,4,1,4.0,0.0,1.0,1.0,0.0,0.0,,
lock_chamber,lock_chamber,4,1,4.0,0.0,1.0,1.0,0.0,0.0,,
locker_room,locker_room,4,1,4.0,0.0,1.0,1.0,0.0,0.0,,
lookout_station/outdoor,outdoor,4,1,4.0,0.0,1.0,1.0,0.0,0.0,,
machine_shop,machine_shop,4,1,4.0,0.0,1.0,1.0,0.0,0.0,,
manhole,manhole,4,1,4.0,0.0,1.0,1.0,0.0,0.0,,
manufactured_home,manufactured_home,4,1,4.0,0.0,1.0,1.0,0.0,0.0,,
market/outdoor,outdoor,4,1,4.0,0.0,1.0,1.0,0.0,0.0,,
marsh,marsh,4,1,4.0,0.0,1.0,1.0,0.0,0.0,,
mastaba,mastaba,4,1,4.0,0.0,1.0,1.0,0.0,0.0,,
mausoleum,mausoleum,4,1,4.0,0.0,1.0,1.0,0.0,0.0,,
medina,medina,4,1,4.0,0.0,1.0,1.0,0.0,0.0,,
mesa,mesa,4,1,4.0,0.0,1.0,1.0,0.0,0.0,,
military_hospital,military_hospital,4,1,4.0,0.0,1.0,1.0,0.0,0.0,,
military_hut,military_hut,4,1,4.0,0.0,1.0,1.0,0.0,0.0,,
mission,mission,4,1,4.0,0.0,1.0,1.0,0.0,0.0,,
moat/dry,dry,4,1,4.0,0.0,1.0,1.0,0.0,0.0,,
mobile_home,mobile_home,4,1,4.0,0.0,1.0,1.0,0.0,0.0,,
moor,moor,4,1,4.0,0.0,1.0,1.0,0.0,0.0,,
morgue,morgue,4,1,4.0,0.0,1.0,1.0,0.0,0.0,,
mosque/outdoor,outdoor,4,1,4.0,0.0,1.0,1.0,0.0,0.0,,
mountain,mountain,4,1,4.0,0.0,1.0,1.0,0.0,0.0,,
mountain_path,mountain_path,4,1,4.0,0.0,1.0,1.0,0.0,0.0,,
mountain_road,mountain_road,4,1,4.0,0.0,1.0,1.0,0.0,0.0,,
mountain_snowy,mountain_snowy,4,1,4.0,0.0,1.0,1.0,0.0,0.0,,
movie_theater/indoor,indoor,4,1,4.0,0.0,1.0,1.0,0.0,0.0,,
movie_theater/outdoor,outdoor,4,1,4.0,0.0,1.0,1.0,0.0,0.0,,
museum/indoor,indoor,4,1,4.0,0.0,1.0,1.0,0.0,0.0,,
museum/outdoor,outdoor,4,1,4.0,0.0,1.0,1.0,0.0,0.0,,
music_store,music_store,4,1,4.0,0.0,1.0,1.0,0.0,0.0,,
music_studio,music_studio,4,1,4.0,0.0,1.0,1.0,0.0,0.0,,
natural_history_museum,natural_history_museum,4,1,4.0,0.0,1.0,1.0,0.0,0.0,,
newsroom,newsroom,4,1,4.0,0.0,1.0,1.0,0.0,0.0,,
newsstand/outdoor,outdoor,4,1,4.0,0.0,1.0,1.0,0.0,0.0,,
nuclear_power_plant/indoor,indoor,4,1,4.0,0.0,1.0,1.0,0.0,0.0,,
nuclear_power_plant/outdoor,outdoor,4,1,4.0,0.0,1.0,1.0,0.0,0.0,,
nursery,nursery,4,1,4.0,0.0,1.0,1.0,0.0,0.0,,
nursing_home,nursing_home,4,1,4.0,0.0,1.0,1.0,0.0,0.0,,
oasis,oasis,4,1,4.0,0.0,1.0,1.0,0.0,0.0,,
oast_house,oast_house,4,1,4.0,0.0,1.0,1.0,0.0,0.0,,
observatory/indoor,indoor,4,1,4.0,0.0,1.0,1.0,0.0,0.0,,
ocean,ocean,4,1,4.0,0.0,1.0,1.0,0.0,0.0,,
office,office,4,1,4.0,0.0,1.0,1.0,0.0,0.0,,
office_building,office_building,4,1,4.0,0.0,1.0,1.0,0.0,0.0,,
office_cubicles,office_cubicles,4,1,4.0,0.0,1.0,1.0,0.0,0.0,,
oil_refinery/outdoor,outdoor,4,1,4.0,0.0,1.0,1.0,0.0,0.0,,
operating_room,operating_room,4,1,4.0,0.0,1.0,1.0,0.0,0.0,,
optician,optician,4,1,4.0,0.0,1.0,1.0,0.0,0.0,,
orchard,orchard,4,1,4.0,0.0,1.0,1.0,0.0,0.0,,
organ_loft/exterior,exterior,4,1,4.0,0.0,1.0,1.0,0.0,0.0,,
outcropping,outcropping,4,1,4.0,0.0,1.0,1.0,0.0,0.0,,
outhouse/outdoor,outdoor,4,1,4.0,0.0,1.0,1.0,0.0,0.0,,
overpass,overpass,4,1,4.0,0.0,1.0,1.0,0.0,0.0,,
packaging_plant,packaging_plant,4,1,4.0,0.0,1.0,1.0,0.0,0.0,,
pagoda,pagoda,4,1,4.0,0.0,1.0,1.0,0.0,0.0,,
palace,palace,4,1,4.0,0.0,1.0,1.0,0.0,0.0,,
pantry,pantry,4,1,4.0,0.0,1.0,1.0,0.0,0.0,,
parking_garage/outdoor,outdoor,4,1,4.0,0.0,1.0,1.0,0.0,0.0,,
pasture,pasture,4,1,4.0,0.0,1.0,1.0,0.0,0.0,,
patio,patio,4,1,4.0,0.0,1.0,1.0,0.0,0.0,,
pavilion,pavilion,4,1,4.0,0.0,1.0,1.0,0.0,0.0,,
pedestrian_overpass/outdoor,outdoor,4,1,4.0,0.0,1.0,1.0,0.0,0.0,,
pet_shop,pet_shop,4,1,4.0,0.0,1.0,1.0,0.0,0.0,,
pharmacy,pharmacy,4,1,4.0,0.0,1.0,1.0,0.0,0.0,,
physics_laboratory,physics_laboratory,4,1,4.0,0.0,1.0,1.0,0.0,0.0,,
picnic_area,picnic_area,4,1,4.0,0.0,1.0,1.0,0.0,0.0,,
pier,pier,4,1,4.0,0.0,1.0,1.0,0.0,0.0,,
pilothouse/indoor,indoor,4,1,4.0,0.0,1.0,1.0,0.0,0.0,,
pilothouse/outdoor,outdoor,4,1,4.0,0.0,1.0,1.0,0.0,0.0,,
pitchers_mound,pitchers_mound,4,1,4.0,0.0,1.0,1.0,0.0,0.0,,
plantation_house,plantation_house,4,1,4.0,0.0,1.0,1.0,0.0,0.0,,
playroom,playroom,4,1,4.0,0.0,1.0,1.0,0.0,0.0,,
plaza,plaza,4,1,4.0,0.0,1.0,1.0,0.0,0.0,,
podium/indoor,indoor,4,1,4.0,0.0,1.0,1.0,0.0,0.0,,
podium/outdoor,outdoor,4,1,4.0,0.0,1.0,1.0,0.0,0.0,,
pond,pond,4,1,4.0,0.0,1.0,1.0,0.0,0.0,,
poolroom/establishment,establishment,4,1,4.0,0.0,1.0,1.0,0.0,0.0,,
poolroom/home,home,4,1,4.0,0.0,1.0,1.0,0.0,0.0,,
porch,porch,4,1,4.0,0.0,1.0,1.0,0.0,0.0,,
portico,portico,4,1,4.0,0.0,1.0,1.0,0.0,0.0,,
power_plant/indoor,indoor,4,1,4.0,0.0,1.0,1.0,0.0,0.0,,
power_plant/outdoor,outdoor,4,1,4.0,0.0,1.0,1.0,0.0,0.0,,
print_shop,print_shop,4,1,4.0,0.0,1.0,1.0,0.0,0.0,,
priory,priory,4,1,4.0,0.0,1.0,1.0,0.0,0.0,,
promenade,promenade,4,1,4.0,0.0,1.0,1.0,0.0,0.0,,
pub/outdoor,outdoor,4,1,4.0,0.0,1.0,1.0,0.0,0.0,,
pump_room,pump_room,4,1,4.0,0.0,1.0,1.0,0.0,0.0,,
quadrangle,quadrangle,4,1,4.0,0.0,1.0,1.0,0.0,0.0,,
quonset_hut/outdoor,outdoor,4,1,4.0,0.0,1.0,1.0,0.0,0.0,,
raceway,raceway,4,1,4.0,0.0,1.0,1.0,0.0,0.0,,
raft,raft,4,1,4.0,0.0,1.0,1.0,0.0,0.0,,
rainforest,rainforest,4,1,4.0,0.0,1.0,1.0,0.0,0.0,,
ramp,ramp,4,1,4.0,0.0,1.0,1.0,0.0,0.0,,
ranch,ranch,4,1,4.0,0.0,1.0,1.0,0.0,0.0,,
ranch_house,ranch_house,4,1,4.0,0.0,1.0,1.0,0.0,0.0,,
reading_room,reading_room,4,1,4.0,0.0,1.0,1.0,0.0,0.0,,
reception,reception,4,1,4.0,0.0,1.0,1.0,0.0,0.0,,
recreation_room,recreation_room,4,1,4.0,0.0,1.0,1.0,0.0,0.0,,
recycling_plant/indoor,indoor,4,1,4.0,0.0,1.0,1.0,0.0,0.0,,
recycling_plant/outdoor,outdoor,4,1,4.0,0.0,1.0,1.0,0.0,0.0,,
residential_neighborhood,residential_neighborhood,4,1,4.0,0.0,1.0,1.0,0.0,0.0,,
resort,resort,4,1,4.0,0.0,1.0,1.0,0.0,0.0,,
restaurant,restaurant,4,1,4.0,0.0,1.0,1.0,0.0,0.0,,
restaurant_kitchen,restaurant_kitchen,4,1,4.0,0.0,1.0,1.0,0.0,0.0,,
restaurant_patio,restaurant_patio,4,1,4.0,0.0,1.0,1.0,0.0,0.0,,
restroom/indoor,indoor,4,1,4.0,0.0,1.0,1.0,0.0,0.0,,
restroom/outdoor,outdoor,4,1,4.0,0.0,1.0,1.0,0.0,0.0,,
revolving_door,revolving_door,4,1,4.0,0.0,1.0,1.0,0.0,0.0,,
rice_paddy,rice_paddy,4,1,4.0,0.0,1.0,1.0,0.0,0.0,,
river,river,4,1,4.0,0.0,1.0,1.0,0.0,0.0,,
road_cut,road_cut,4,1,4.0,0.0,1.0,1.0,0.0,0.0,,
rock_arch,rock_arch,4,1,4.0,0.0,1.0,1.0,0.0,0.0,,
rolling_mill,rolling_mill,4,1,4.0,0.0,1.0,1.0,0.0,0.0,,
roof,roof,4,1,4.0,0.0,1.0,1.0,0.0,0.0,,
roundabout,roundabout,4,1,4.0,0.0,1.0,1.0,0.0,0.0,,
rubble,rubble,4,1,4.0,0.0,1.0,1.0,0.0,0.0,,
ruin,ruin,4,1,4.0,0.0,1.0,1.0,0.0,0.0,,
sacristy,sacristy,4,1,4.0,0.0,1.0,1.0,0.0,0.0,,
salt_plain,salt_plain,4,1,4.0,0.0,1.0,1.0,0.0,0.0,,
sauna,sauna,4,1,4.0,0.0,1.0,1.0,0.0,0.0,,
sawmill,sawmill,4,1,4.0,0.0,1.0,1.0,0.0,0.0,,
schoolhouse,schoolhouse,4,1,4.0,0.0,1.0,1.0,0.0,0.0,,
schoolyard,schoolyard,4,1,4.0,0.0,1.0,1.0,0.0,0.0,,
science_museum,science_museum,4,1,4.0,0.0,1.0,1.0,0.0,0.0,,
sea_cliff,sea_cliff,4,1,4.0,0.0,1.0,1.0,0.0,0.0,,
seawall,seawall,4,1,4.0,0.0,1.0,1.0,0.0,0.0,,
server_room,server_room,4,1,4.0,0.0,1.0,1.0,0.0,0.0,,
sewing_room,sewing_room,4,1,4.0,0.0,1.0,1.0,0.0,0.0,,
shed,shed,4,1,4.0,0.0,1.0,1.0,0.0,0.0,,
shipping_room,shipping_room,4,1,4.0,0.0,1.0,1.0,0.0,0.0,,
shipyard/outdoor,outdoor,4,1,4.0,0.0,1.0,1.0,0.0,0.0,,
shoe_shop,shoe_shop,4,1,4.0,0.0,1.0,1.0,0.0,0.0,,
shopfront,shopfront,4,1,4.0,0.0,1.0,1.0,0.0,0.0,,
shopping_mall/indoor,indoor,4,1,4.0,0.0,1.0,1.0,0.0,0.0,,
shower,shower,4,1,4.0,0.0,1.0,1.0,0.0,0.0,,
signal_box,signal_box,4,1,4.0,0.0,1.0,1.0,0.0,0.0,,
ski_lodge,ski_lodge,4,1,4.0,0.0,1.0,1.0,0.0,0.0,,
ski_slope,ski_slope,4,1,4.0,0.0,1.0,1.0,0.0,0.0,,
sky,sky,4,1,4.0,0.0,1.0,1.0,0.0,0.0,,
slum,slum,4,1,4.0,0.0,1.0,1.0,0.0,0.0,,
snowfield,snowfield,4,1,4.0,0.0,1.0,1.0,0.0,0.0,,
spillway,spillway,4,1,4.0,0.0,1.0,1.0,0.0,0.0,,
squash_court,squash_court,4,1,4.0,0.0,1.0,1.0,0.0,0.0,,
stable,stable,4,1,4.0,0.0,1.0,1.0,0.0,0.0,,
stadium/baseball,baseball,4,1,4.0,0.0,1.0,1.0,0.0,0.0,,
stadium/football,football,4,1,4.0,0.0,1.0,1.0,0.0,0.0,,
stadium/outdoor,outdoor,4,1,4.0,0.0,1.0,1.0,0.0,0.0,,
stadium/soccer,soccer,4,1,4.0,0.0,1.0,1.0,0.0,0.0,,
stage/indoor,indoor,4,1,4.0,0.0,1.0,1.0,0.0,0.0,,
stage/outdoor,outdoor,4,1,4.0,0.0,1.0,1.0,0.0,0.0,,
staircase,staircase,4,1,4.0,0.0,1.0,1.0,0.0,0.0,,
steel_mill/outdoor,outdoor,4,1,4.0,0.0,1.0,1.0,0.0,0.0,,
stone_circle,stone_circle,4,1,4.0,0.0,1.0,1.0,0.0,0.0,,
street,street,4,1,4.0,0.0,1.0,1.0,0.0,0.0,,
strip_mall,strip_mall,4,1,4.0,0.0,1.0,1.0,0.0,0.0,,
strip_mine,strip_mine,4,1,4.0,0.0,1.0,1.0,0.0,0.0,,
submarine_interior,submarine_interior,4,1,4.0,0.0,1.0,1.0,0.0,0.0,,
subway_interior,subway_interior,4,1,4.0,0.0,1.0,1.0,0.0,0.0,,
subway_station/corridor,corridor,4,1,4.0,0.0,1.0,1.0,0.0,0.0,,
subway_station/platform,platform,4,1,4.0,0.0,1.0,1.0,0.0,0.0,,
sushi_bar,sushi_bar,4,1,4.0,0.0,1.0,1.0,0.0,0.0,,
swamp,swamp,4,1,4.0,0.0,1.0,1.0,0.0,0.0,,
swimming_hole,swimming_hole,4,1,4.0,0.0,1.0,1.0,0.0,0.0,,
synagogue/indoor,indoor,4,1,4.0,0.0,1.0,1.0,0.0,0.0,,
synagogue/outdoor,outdoor,4,1,4.0,0.0,1.0,1.0,0.0,0.0,,
tea_garden,tea_garden,4,1,4.0,0.0,1.0,1.0,0.0,0.0,,
tearoom,tearoom,4,1,4.0,0.0,1.0,1.0,0.0,0.0,,
teashop,teashop,4,1,4.0,0.0,1.0,1.0,0.0,0.0,,
television_studio,television_studio,4,1,4.0,0.0,1.0,1.0,0.0,0.0,,
temple/east_asia,east_asia,4,1,4.0,0.0,1.0,1.0,0.0,0.0,,
temple/western,western,4,1,4.0,0.0,1.0,1.0,0.0,0.0,,
tennis_court/indoor,indoor,4,1,4.0,0.0,1.0,1.0,0.0,0.0,,
terrace_farm,terrace_farm,4,1,4.0,0.0,1.0,1.0,0.0,0.0,,
theater/indoor_procenium,indoor_procenium,4,1,4.0,0.0,1.0,1.0,0.0,0.0,,
theater/indoor_round,indoor_round,4,1,4.0,0.0,1.0,1.0,0.0,0.0,,
theater/outdoor,outdoor,4,1,4.0,0.0,1.0,1.0,0.0,0.0,,
thriftshop,thriftshop,4,1,4.0,0.0,1.0,1.0,0.0,0.0,,
throne_room,throne_room,4,1,4.0,0.0,1.0,1.0,0.0,0.0,,
ticket_window/outdoor,outdoor,4,1,4.0,0.0,1.0,1.0,0.0,0.0,,
toll_plaza,toll_plaza,4,1,4.0,0.0,1.0,1.0,0.0,0.0,,
tollbooth,tollbooth,4,1,4.0,0.0,1.0,1.0,0.0,0.0,,
tower,tower,4,1,4.0,0.0,1.0,1.0,0.0,0.0,,
town_house,town_house,4,1,4.0,0.0,1.0,1.0,0.0,0.0,,
toyshop,toyshop,4,1,4.0,0.0,1.0,1.0,0.0,0.0,,
track/indoor,indoor,4,1,4.0,0.0,1.0,1.0,0.0,0.0,,
trailer_park,trailer_park,4,1,4.0,0.0,1.0,1.0,0.0,0.0,,
train_depot,train_depot,4,1,4.0,0.0,1.0,1.0,0.0,0.0,,
train_railway,train_railway,4,1,4.0,0.0,1.0,1.0,0.0,0.0,,
train_station/outdoor,outdoor,4,1,4.0,0.0,1.0,1.0,0.0,0.0,,
train_station/station,station,4,1,4.0,0.0,1.0,1.0,0.0,0.0,,
tree_farm,tree_farm,4,1,4.0,0.0,1.0,1.0,0.0,0.0,,
trestle_bridge,trestle_bridge,4,1,4.0,0.0,1.0,1.0,0.0,0.0,,
tunnel/rail_outdoor,rail_outdoor,4,1,4.0,0.0,1.0,1.0,0.0,0.0,,
utility_room,utility_room,4,1,4.0,0.0,1.0,1.0,0.0,0.0,,
valley,valley,4,1,4.0,0.0,1.0,1.0,0.0,0.0,,
van_interior,van_interior,4,1,4.0,0.0,1.0,1.0,0.0,0.0,,
vegetable_garden,vegetable_garden,4,1,4.0,0.0,1.0,1.0,0.0,0.0,,
velodrome/indoor,indoor,4,1,4.0,0.0,1.0,1.0,0.0,0.0,,
velodrome/outdoor,outdoor,4,1,4.0,0.0,1.0,1.0,0.0,0.0,,
veranda,veranda,4,1,4.0,0.0,1.0,1.0,0.0,0.0,,
viaduct,viaduct,4,1,4.0,0.0,1.0,1.0,0.0,0.0,,
videostore,videostore,4,1,4.0,0.0,1.0,1.0,0.0,0.0,,
village,village,4,1,4.0,0.0,1.0,1.0,0.0,0.0,,
voting_booth,voting_booth,4,1,4.0,0.0,1.0,1.0,0.0,0.0,,
waiting_room,waiting_room,4,1,4.0,0.0,1.0,1.0,0.0,0.0,,
warehouse/indoor,indoor,4,1,4.0,0.0,1.0,1.0,0.0,0.0,,
watchtower,watchtower,4,1,4.0,0.0,1.0,1.0,0.0,0.0,,
water_mill,water_mill,4,1,4.0,0.0,1.0,1.0,0.0,0.0,,
water_tower,water_tower,4,1,4.0,0.0,1.0,1.0,0.0,0.0,,
water_treatment_plant/indoor,indoor,4,1,4.0,0.0,1.0,1.0,0.0,0.0,,
water_treatment_plant/outdoor,outdoor,4,1,4.0,0.0,1.0,1.0,0.0,0.0,,
waterfall/cascade,cascade,4,1,4.0,0.0,1.0,1.0,0.0,0.0,,
waterfall/cataract,cataract,4,1,4.0,0.0,1.0,1.0,0.0,0.0,,
waterfall/fan,fan,4,1,4.0,0.0,1.0,1.0,0.0,0.0,,
waterfall/plunge,plunge,4,1,4.0,0.0,1.0,1.0,0.0,0.0,,
wave,wave,4,1,4.0,0.0,1.0,1.0,0.0,0.0,,
weighbridge,weighbridge,4,1,4.0,0.0,1.0,1.0,0.0,0.0,,
wheat_field,wheat_field,4,1,4.0,0.0,1.0,1.0,0.0,0.0,,
wind_farm,wind_farm,4,1,4.0,0.0,1.0,1.0,0.0,0.0,,
window_seat,window_seat,4,1,4.0,0.0,1.0,1.0,0.0,0.0,,
wine_cellar/barrel_storage,barrel_storage,4,1,4.0,0.0,1.0,1.0,0.0,0.0,,
wine_cellar/bottle_storage,bottle_storage,4,1,4.0,0.0,1.0,1.0,0.0,0.0,,
winery,winery,4,1,4.0,0.0,1.0,1.0,0.0,0.0,,
witness_stand,witness_stand,4,1,4.0,0.0,1.0,1.0,0.0,0.0,,
woodland,woodland,4,1,4.0,0.0,1.0,1.0,0.0,0.0,,
workroom,workroom,4,1,4.0,0.0,1.0,1.0,0.0,0.0,,
youth_hostel,youth_hostel,4,1,4.0,0.0,1.0,1.0,0.0,0.0,,
zen_garden,zen_garden,4,1,4.0,0.0,1.0,1.0,0.0,0.0,,
bridge,bridge,4,1,4.0,0.0,1.0,0.75,0.0,0.0,,
airport_ticket_counter,airport_ticket_counter,4,1,4.0,0.25,0.75,0.75,0.0,0.0,0.0,0.0
amphitheater,amphitheater,4,1,4.0,0.25,0.75,0.75,0.0,0.0,0.0,0.0
aquatic_theater,aquatic_theater,4,1,4.0,0.25,0.75,0.75,0.25,0.25,1.0,1.0
arch,arch,4,1,4.0,0.25,0.75,0.75,0.0,0.0,0.0,0.0
archaelogical_excavation,archaelogical_excavation,4,1,4.0,0.25,0.75,0.75,0.0,0.0,0.0,0.0
arena/performance,performance,4,1,4.0,0.25,0.75,0.75,0.0,0.0,0.0,0.0
arrival_gate/outdoor,outdoor,4,1,4.0,0.25,0.75,0.75,0.25,0.0,1.0,0.0
art_school,art_school,4,1,4.0,0.25,0.75,0.75,0.0,0.25,0.0,1.0
attic,attic,4,1,4.0,0.25,0.75,0.75,0.0,0.0,0.0,0.0
bakery/shop,shop,4,1,4.0,0.25,0.75,0.75,0.0,0.0,0.0,0.0
ball_pit,ball_pit,4,1,4.0,0.25,0.75,0.75,0.0,0.0,0.0,0.0
barndoor,barndoor,4,1,4.0,0.25,0.75,0.75,0.0,0.0,0.0,0.0
baseball_field,baseball_field,4,1,4.0,0.25,0.75,0.75,0.0,0.0,0.0,0.0
basilica,basilica,4,1,4.0,0.25,0.75,0.75,0.0,0.0,0.0,0.0
basketball_court/outdoor,outdoor,4,1,4.0,0.25,0.75,0.75,0.0,0.0,0.0,0.0
beach,beach,4,1,4.0,0.25,0.75,0.75,0.0,0.0,0.0,0.0
beauty_salon,beauty_salon,4,1,4.0,0.25,0.75,0.75,0.0,0.0,0.0,0.0
boardwalk,boardwalk,4,1,4.0,0.25,0.75,0.75,0.0,0.0,0.0,0.0
boathouse,boathouse,4,1,4.0,0.25,0.75,0.75,0.0,0.0,0.0,0.0
booth/indoor,indoor,4,1,4.0,0.25,0.75,0.75,0.0,0.0,0.0,0.0
butchers_shop,butchers_shop,4,1,4.0,0.25,0.75,0.75,0.0,0.0,0.0,0.0
cabana,cabana,4,1,4.0,0.25,0.75,0.75,0.0,0.0,0.0,0.0
canal/urban,urban,4,1,4.0,0.25,0.75,0.75,0.0,0.0,0.0,0.0
catacomb,catacomb,4,1,4.0,0.25,0.75,0.75,0.0,0.0,0.0,0.0
cavern/indoor,indoor,4,1,4.0,0.25,0.75,0.75,0.0,0.25,0.0,1.0
cheese_factory,cheese_factory,4,1,4.0,0.25,0.75,0.75,0.0,0.0,0.0,0.0
chicken_coop/indoor,indoor,4,1,4.0,0.25,0.75,0.75,0.0,0.0,0.0,0.0
chicken_farm/outdoor,outdoor,4,1,4.0,0.25,0.75,0.75,0.0,0.0,0.0,0.0
cloister/indoor,indoor,4,1,4.0,0.25,0.75,0.75,0.0,0.0,0.0,0.0
closet,closet,4,1,4.0,0.25,0.75,0.75,0.0,0.0,0.0,0.0
confessional,confessional,4,1,4.0,0.25,0.75,0.75,0.0,0.0,0.0,0.0
crosswalk,crosswalk,4,1,4.0,0.25,0.75,0.75,0.0,0.0,0.0,0.0
darkroom,darkroom,4,1,4.0,0.25,0.75,0.75,0.0,0.0,0.0,0.0
delicatessen,delicatessen,4,1,4.0,0.25,0.75,0.75,0.0,0.0,0.0,0.0
dining_hall,dining_hall,4,1,4.0,0.25,0.75,0.75,0.0,0.0,0.0,0.0
discotheque,discotheque,4,1,4.0,0.25,0.75,0.75,0.0,0.0,0.0,0.0
drill_rig,drill_rig,4,1,4.0,0.25,0.75,0.75,0.25,0.0,1.0,0.0
driveway,driveway,4,1,4.0,0.25,0.75,0.75,0.0,0.0,0.0,0.0
drugstore,drugstore,4,1,4.0,0.25,0.75,0.75,0.0,0.0,0.0,0.0
dry_dock,dry_dock,4,1,4.0,0.25,0.75,0.75,0.0,0.0,0.0,0.0
earth_fissure,earth_fissure,4,1,4.0,0.25,0.75,0.75,0.0,0.0,0.0,0.0
electrical_substation,electrical_substation,4,1,4.0,0.25,0.75,0.75,0.0,0.0,0.0,0.0
factory/outdoor,outdoor,4,1,4.0,0.25,0.75,0.75,0.0,0.0,0.0,0.0
fish_farm,fish_farm,4,1,4.0,0.25,0.75,0.75,0.0,0.0,0.0,0.0
flight_of_stairs/natural,natural,4,1,4.0,0.25,0.75,0.75,0.0,0.0,0.0,0.0
forest_path,forest_path,4,1,4.0,0.25,0.75,0.75,0.0,0.0,0.0,0.0
foundry/indoor,indoor,4,1,4.0,0.25,0.75,0.75,0.0,0.0,0.0,0.0
fountain,fountain,4,1,4.0,0.25,0.75,0.75,0.0,0.0,0.0,0.0
funeral_chapel,funeral_chapel,4,1,4.0,0.25,0.75,0.75,0.0,0.0,0.0,0.0
furnace_room,furnace_room,4,1,4.0,0.25,0.75,0.75,0.0,0.0,0.0,0.0
garbage_dump,garbage_dump,4,1,4.0,0.25,0.75,0.75,0.0,0.0,0.0,0.0
great_hall,great_hall,4,1,4.0,0.25,0.75,0.75,0.0,0.0,0.0,0.0
greenhouse/indoor,indoor,4,1,4.0,0.25,0.75,0.75,0.0,0.0,0.0,0.0
hayfield,hayfield,4,1,4.0,0.25,0.75,0.75,0.25,0.25,1.0,1.0
hedge_maze,hedge_maze,4,1,4.0,0.25,0.75,0.75,0.0,0.0,0.0,0.0
heliport,heliport,4,1,4.0,0.25,0.75,0.75,0.0,0.0,0.0,0.0
hot_tub/outdoor,outdoor,4,1,4.0,0.25,0.75,0.75,0.0,0.0,0.0,0.0
igloo,igloo,4,1,4.0,0.25,0.75,0.75,0.0,0.0,0.0,0.0
industrial_area,industrial_area,4,1,4.0,0.25,0.75,0.75,0.0,0.0,0.0,0.0
jacuzzi/outdoor,outdoor,4,1,4.0,0.25,0.75,0.75,0.0,0.0,0.0,0.0
jail_cell,jail_cell,4,1,4.0,0.25,0.75,0.75,0.0,0.0,0.0,0.0
joss_house,joss_house,4,1,4.0,0.25,0.75,0.75,0.0,0.0,0.0,0.0
kennel/indoor,indoor,4,1,4.0,0.25,0.75,0.75,0.0,0.0,0.0,0.0
labyrinth/outdoor,outdoor,4,1,4.0,0.25,0.75,0.75,0.0,0.0,0.0,0.0
lake/artificial,artificial,4,1,4.0,0.25,0.75,0.75,0.0,0.0,0.0,0.0
lido_deck/outdoor,outdoor,4,1,4.0,0.25,0.75,0.75,0.0,0.0,0.0,0.0
lift_bridge,lift_bridge,4,1,4.0,0.25,0.75,0.75,0.0,0.0,0.0,0.0
mansion,mansion,4,1,4.0,0.25,0.75,0.75,0.0,0.0,0.0,0.0
market/indoor,indoor,4,1,4.0,0.25,0.75,0.75,0.0,0.0,0.0,0.0
mineshaft,mineshaft,4,1,4.0,0.25,0.75,0.75,0.0,0.0,0.0,0.0
moat/water,water,4,1,4.0,0.25,0.75,0.75,0.0,0.0,0.0,0.0
naval_base,naval_base,4,1,4.0,0.25,0.75,0.75,0.0,0.0,0.0,0.0
oilrig,oilrig,4,1,4.0,0.25,0.75,0.75,0.0,0.0,0.0,0.0
parade_ground,parade_ground,4,1,4.0,0.25,0.75,0.75,0.0,0.0,0.0,0.0
park,park,4,1,4.0,0.25,0.75,0.75,0.0,0.0,0.0,0.0
parking_garage/indoor,indoor,4,1,4.0,0.25,0.75,0.75,0.0,0.0,0.0,0.0
parlor,parlor,4,1,4.0,0.25,0.75,0.75,0.0,0.0,0.0,0.0
particle_accelerator,particle_accelerator,4,1,4.0,0.25,0.75,0.75,0.0,0.0,0.0,0.0
phone_booth,phone_booth,4,1,4.0,0.25,0.75,0.75,0.0,0.0,0.0,0.0
pig_farm,pig_farm,4,1,4.0,0.25,0.75,0.75,0.0,0.0,0.0,0.0
pizzeria,pizzeria,4,1,4.0,0.25,0.75,0.75,0.0,0.0,0.0,0.0
planetarium/indoor,indoor,4,1,4.0,0.25,0.75,0.75,0.0,0.0,0.0,0.0
planetarium/outdoor,outdoor,4,1,4.0,0.25,0.75,0.75,0.0,0.0,0.0,0.0
pulpit,pulpit,4,1,4.0,0.25,0.75,0.75,0.0,0.0,0.0,0.0
putting_green,putting_green,4,1,4.0,0.25,0.75,0.75,0.0,0.0,0.0,0.0
quay,quay,4,1,4.0,0.25,0.75,0.75,0.0,0.0,0.0,0.0
railroad_track,railroad_track,4,1,4.0,0.25,0.75,0.75,0.0,0.0,0.0,0.0
railway_yard,railway_yard,4,1,4.0,0.25,0.75,0.75,0.0,0.0,0.0,0.0
repair_shop,repair_shop,4,1,4.0,0.25,0.75,0.75,0.0,0.0,0.0,0.0
riding_arena,riding_arena,4,1,4.0,0.25,0.75,0.75,0.0,0.0,0.0,0.0
root_cellar,root_cellar,4,1,4.0,0.25,0.75,0.75,0.0,0.0,0.0,0.0
runway,runway,4,1,4.0,0.25,0.75,0.75,0.0,0.0,0.0,0.0
sandbar,sandbar,4,1,4.0,0.25,0.75,0.75,0.0,0.0,0.0,0.0
skatepark,skatepark,4,1,4.0,0.25,0.75,0.75,0.0,0.0,0.0,0.0
ski_jump,ski_jump,4,1,4.0,0.25,0.75,0.75,0.0,0.0,0.0,0.0
skyscraper,skyscraper,4,1,4.0,0.25,0.75,0.75,0.0,0.0,0.0,0.0
steel_mill/indoor,indoor,4,1,4.0,0.25,0.75,0.75,0.0,0.0,0.0,0.0
stilt_house/water,water,4,1,4.0,0.25,0.75,0.75,0.0,0.0,0.0,0.0
sun_deck,sun_deck,4,1,4.0,0.25,0.75,0.75,0.0,0.0,0.0,0.0
supermarket,supermarket,4,1,4.0,0.25,0.75,0.75,0.0,0.0,0.0,0.0
swimming_pool/indoor,indoor,4,1,4.0,0.25,0.75,0.75,0.0,0.0,0.0,0.0
swimming_pool/outdoor,outdoor,4,1,4.0,0.25,0.75,0.75,0.0,0.0,0.0,0.0
tent/indoor,indoor,4,1,4.0,0.25,0.75,0.75,0.25,0.25,1.0,1.0
topiary_garden,topiary_garden,4,1,4.0,0.25,0.75,0.75,0.0,0.0,0.0,0.0
tree_house,tree_house,4,1,4.0,0.25,0.75,0.75,0.0,0.0,0.0,0.0
trench,trench,4,1,4.0,0.25,0.75,0.75,0.0,0.0,0.0,0.0
underwater/coral_reef,coral_reef,4,1,4.0,0.25,0.75,0.75,0.0,0.0,0.0,0.0
ventilation_shaft,ventilation_shaft,4,1,4.0,0.25,0.75,0.75,0.0,0.0,0.0,0.0
waterfall/block,block,4,1,4.0,0.25,0.75,0.75,0.0,0.0,0.0,0.0
wet_bar,wet_bar,4,1,4.0,0.25,0.75,0.75,0.0,0.0,0.0,0.0
wharf,wharf,4,1,4.0,0.25,0.75,0.75,0.0,0.0,0.0,0.0
windmill,windmill,4,1,4.0,0.25,0.75,0.75,0.0,0.0,0.0,0.0
zoo,zoo,4,1,4.0,0.25,0.75,0.75,0.0,0.0,0.0,0.0
apse/indoor,indoor,4,1,4.0,0.5,0.5,0.5,0.0,0.0,0.0,0.0
athletic_field/outdoor,outdoor,4,1,4.0,0.5,0.5,0.5,0.0,0.25,0.0,0.5
bamboo_forest,bamboo_forest,4,1,4.0,0.5,0.5,0.5,0.0,0.0,0.0,0.0
baptistry/indoor,indoor,4,1,4.0,0.5,0.5,0.5,0.0,0.0,0.0,0.0
beer_garden,beer_garden,4,1,4.0,0.5,0.5,0.5,0.0,0.0,0.0,0.0
burial_chamber,burial_chamber,4,1,4.0,0.5,0.5,0.5,0.0,0.0,0.0,0.0
crevasse,crevasse,4,1,4.0,0.5,0.5,0.5,0.0,0.0,0.0,0.0
dam,dam,4,1,4.0,0.5,0.5,0.5,0.0,0.0,0.0,0.0
driving_range/outdoor,outdoor,4,1,4.0,0.5,0.5,0.5,0.0,0.0,0.0,0.0
fairway,fairway,4,1,4.0,0.5,0.5,0.5,0.0,0.0,0.0,0.0
football_field,football_field,4,1,4.0,0.5,0.5,0.5,0.0,0.0,0.0,0.0
golf_course,golf_course,4,1,4.0,0.5,0.5,0.5,0.0,0.0,0.0,0.0
grotto,grotto,4,1,4.0,0.5,0.5,0.5,0.0,0.0,0.0,0.0
hallway,hallway,4,1,4.0,0.5,0.5,0.5,0.0,0.0,0.0,0.0
landfill,landfill,4,1,4.0,0.5,0.5,0.5,0.0,0.0,0.0,0.0
martial_arts_gym,martial_arts_gym,4,1,4.0,0.5,0.5,0.5,0.0,0.0,0.0,0.0
ossuary,ossuary,4,1,4.0,0.5,0.5,0.5,0.0,0.0,0.0,0.0
rope_bridge,rope_bridge,4,1,4.0,0.5,0.5,0.5,0.25,0.25,0.5,0.5
sand_trap,sand_trap,4,1,4.0,0.5,0.5,0.5,0.0,0.0,0.0,0.0
soccer_field,soccer_field,4,1,4.0,0.5,0.5,0.5,0.5,0.25,1.0,0.5
tent/outdoor,outdoor,4,1,4.0,0.5,0.5,0.5,0.0,0.0,0.0,0.0
track/outdoor,outdoor,4,1,4.0,0.5,0.5,0.5,0.0,0.0,0.0,0.0
underwater/ice,ice,4,1,4.0,0.5,0.5,0.5,0.0,0.0,0.0,0.0
veterinarians_office,veterinarians_office,4,1,4.0,0.5,0.5,0.5,0.0,0.0,0.0,0.0
volcano,volcano,4,1,4.0,0.5,0.5,0.5,0.0,0.0,0.0,0.0
aquarium,aquarium,4,1,4.0,0.75,0.25,0.25,0.0,0.25,0.0,0.3333333333333333
catwalk,catwalk,4,1,4.0,0.75,0.25,0.25,0.0,0.0,0.0,0.0
mine,mine,4,1,4.0,0.75,0.25,0.25,0.0,0.0,0.0,0.0
mini_golf_course/outdoor,outdoor,4,1,4.0,0.75,0.25,0.25,0.0,0.0,0.0,0.0
tennis_court/outdoor,outdoor,4,1,4.0,0.75,0.25,0.25,0.0,0.0,0.0,0.0
underwater/kelp_forest,kelp_forest,4,1,4.0,0.75,0.25,0.25,0.75,0.5,1.0,0.6666666666666666
underwater/wreck,wreck,4,1,4.0,0.75,0.25,0.25,0.0,0.75,0.0,1.0
underwater/ocean_deep,ocean_deep,4,1,4.0,1.0,0.0,0.0,0.25,0.5,0.25,0.5
underwater/ocean_shallow,ocean_shallow,4,1,4.0,1.0,0.0,0.0,0.0,0.25,0.0,0.25
underwater/pool,pool,4,1,4.0,1.0,0.0,0.0,0.5,0.25,0.5,0.25
