alpha_bucket,scene_category,scene_leaf,n_images,n_classes,official_attribute_matches,train_count,val_count,test_seen_count,test_unseen_count
a,abbey,abbey,20,1,20,16,16,4,0
a,access_road,access_road,20,1,20,16,16,4,0
a,airfield,airfield,20,1,20,16,16,4,0
a,airlock,airlock,20,1,20,0,0,0,20
a,airplane_cabin,airplane_cabin,20,1,20,16,16,4,0
a,airport/airport,airport,20,1,20,16,16,4,0
a,airport/entrance,entrance,20,1,20,16,16,4,0
a,airport_terminal,airport_terminal,20,1,20,16,16,4,0
a,airport_ticket_counter,airport_ticket_counter,20,1,20,16,16,4,0
a,alcove,alcove,20,1,20,16,16,4,0
a,alley,alley,20,1,20,0,0,0,20
a,amphitheater,amphitheater,20,1,20,16,16,4,0
a,amusement_arcade,amusement_arcade,20,1,20,0,16,4,0
a,amusement_park,amusement_park,20,1,20,16,16,4,0
a,anechoic_chamber,anechoic_chamber,20,1,20,16,16,4,0
a,apartment_building/outdoor,outdoor,20,1,20,16,16,4,0
a,apse/indoor,indoor,20,1,20,16,16,4,0
a,apse/outdoor,outdoor,20,1,20,16,16,4,0
a,aquarium,aquarium,20,1,20,16,16,4,0
a,aquatic_theater,aquatic_theater,20,1,20,16,16,4,0
a,aqueduct,aqueduct,20,1,20,16,16,4,0
a,arch,arch,20,1,20,16,16,4,0
a,archaelogical_excavation,archaelogical_excavation,20,1,20,16,16,4,0
a,archive,archive,20,1,20,0,0,0,20
a,arena/basketball,basketball,20,1,20,0,0,0,20
a,arena/hockey,hockey,20,1,20,16,16,4,0
a,arena/performance,performance,20,1,20,16,16,4,0
a,armory,armory,20,1,20,16,16,4,0
a,arrival_gate/outdoor,outdoor,20,1,20,16,16,4,0
a,art_gallery,art_gallery,20,1,20,16,16,4,0
a,art_school,art_school,20,1,20,0,16,4,0
a,art_studio,art_studio,20,1,20,16,16,4,0
a,artists_loft,artists_loft,20,1,20,0,0,0,20
a,assembly_line,assembly_line,20,1,20,0,16,4,0
a,athletic_field/outdoor,outdoor,20,1,20,16,16,4,0
a,atrium/home,home,20,1,20,16,16,4,0
a,atrium/public,public,20,1,20,16,16,4,0
a,attic,attic,20,1,20,16,16,4,0
a,auditorium,auditorium,20,1,20,0,0,0,20
a,auto_factory,auto_factory,20,1,20,0,16,4,0
a,auto_mechanics/indoor,indoor,20,1,20,16,16,4,0
a,auto_racing_paddock,auto_racing_paddock,20,1,20,16,16,4,0
a,auto_showroom,auto_showroom,20,1,20,16,16,4,0
b,backstage,backstage,20,1,20,16,16,4,0
b,badlands,badlands,20,1,20,16,16,4,0
b,badminton_court/indoor,indoor,20,1,20,16,16,4,0
b,badminton_court/outdoor,outdoor,20,1,20,16,16,4,0
b,baggage_claim,baggage_claim,20,1,20,16,16,4,0
b,bakery/kitchen,kitchen,20,1,20,16,16,4,0
b,bakery/shop,shop,20,1,20,16,16,4,0
b,balcony/exterior,exterior,20,1,20,0,16,4,0
b,balcony/interior,interior,20,1,20,16,16,4,0
b,ball_pit,ball_pit,20,1,20,16,16,4,0
b,ballroom,ballroom,20,1,20,0,0,0,20
b,bamboo_forest,bamboo_forest,20,1,20,16,16,4,0
b,bank/indoor,indoor,20,1,20,16,16,4,0
b,bank/outdoor,outdoor,20,1,20,16,16,4,0
b,bank_vault,bank_vault,20,1,20,0,0,0,20
b,banquet_hall,banquet_hall,20,1,20,0,16,4,0
b,baptistry/indoor,indoor,20,1,20,0,16,4,0
b,baptistry/outdoor,outdoor,20,1,20,16,16,4,0
b,bar,bar,20,1,20,16,16,4,0
b,barn,barn,20,1,20,16,16,4,0
b,barndoor,barndoor,20,1,20,16,16,4,0
b,baseball_field,baseball_field,20,1,20,16,16,4,0
b,basement,basement,20,1,20,16,16,4,0
b,basilica,basilica,20,1,20,16,16,4,0
b,basketball_court/indoor,indoor,20,1,20,0,16,4,0
b,basketball_court/outdoor,outdoor,20,1,20,16,16,4,0
b,bathroom,bathroom,20,1,20,16,16,4,0
b,batters_box,batters_box,20,1,20,16,16,4,0
b,batting_cage/indoor,indoor,20,1,20,16,16,4,0
b,batting_cage/outdoor,outdoor,20,1,20,0,0,0,20
b,bayou,bayou,20,1,20,16,16,4,0
b,bazaar/indoor,indoor,20,1,20,0,0,0,20
b,bazaar/outdoor,outdoor,20,1,20,0,0,0,20
b,beach,beach,20,1,20,16,16,4,0
b,beach_house,beach_house,20,1,20,16,16,4,0
b,beauty_salon,beauty_salon,20,1,20,16,16,4,0
b,bedchamber,bedchamber,20,1,20,16,16,4,0
b,bedroom,bedroom,20,1,20,16,16,4,0
b,beer_garden,beer_garden,20,1,20,16,16,4,0
b,beer_hall,beer_hall,20,1,20,16,16,4,0
b,bell_foundry,bell_foundry,20,1,20,16,16,4,0
b,berth,berth,20,1,20,16,16,4,0
b,betting_shop,betting_shop,20,1,20,0,0,0,20
b,bicycle_racks,bicycle_racks,20,1,20,16,16,4,0
b,bindery,bindery,20,1,20,16,16,4,0
b,biology_laboratory,biology_laboratory,20,1,20,16,16,4,0
b,bistro/indoor,indoor,20,1,20,16,16,4,0
b,bistro/outdoor,outdoor,20,1,20,16,16,4,0
b,bleachers/outdoor,outdoor,20,1,20,16,16,4,0
b,boardwalk,boardwalk,20,1,20,16,16,4,0
b,boat_deck,boat_deck,20,1,20,16,16,4,0
b,boathouse,boathouse,20,1,20,16,16,4,0
b,bog,bog,20,1,20,0,0,0,20
b,bookstore,bookstore,20,1,20,16,16,4,0
b,booth/indoor,indoor,20,1,20,16,16,4,0
b,botanical_garden,botanical_garden,20,1,20,16,16,4,0
b,bow_window/indoor,indoor,20,1,20,0,0,0,20
b,bow_window/outdoor,outdoor,20,1,20,0,16,4,0
b,bowling_alley,bowling_alley,20,1,20,16,16,4,0
b,boxing_ring,boxing_ring,20,1,20,16,16,4,0
b,brewery/indoor,indoor,20,1,20,0,0,0,20
b,brewery/outdoor,outdoor,20,1,20,16,16,4,0
b,brickyard/outdoor,outdoor,20,1,20,16,16,4,0
b,bridge,bridge,20,1,20,16,16,4,0
b,building_complex,building_complex,20,1,20,16,16,4,0
b,building_facade,building_facade,20,1,20,16,16,4,0
b,bullpen,bullpen,20,1,20,16,16,4,0
b,bullring,bullring,20,1,20,16,16,4,0
b,burial_chamber,burial_chamber,20,1,20,16,16,4,0
b,bus_depot/outdoor,outdoor,20,1,20,0,0,0,20
b,bus_interior,bus_interior,20,1,20,16,16,4,0
b,bus_shelter,bus_shelter,20,1,20,16,16,4,0
b,bus_station/outdoor,outdoor,20,1,20,16,16,4,0
b,butchers_shop,butchers_shop,20,1,20,16,16,4,0
b,butte,butte,20,1,20,16,16,4,0
c,cabana,cabana,20,1,20,16,16,4,0
c,cabin/outdoor,outdoor,20,1,20,16,16,4,0
c,cafeteria,cafeteria,20,1,20,0,16,4,0
c,call_center,call_center,20,1,20,16,16,4,0
c,campsite,campsite,20,1,20,16,16,4,0
c,campus,campus,20,1,20,16,16,4,0
c,canal/natural,natural,20,1,20,0,0,0,20
c,canal/urban,urban,20,1,20,16,16,4,0
c,candy_store,candy_store,20,1,20,16,16,4,0
c,canteen,canteen,20,1,20,16,16,4,0
c,canyon,canyon,20,1,20,16,16,4,0
c,car_interior/backseat,backseat,20,1,20,16,16,4,0
c,car_interior/frontseat,frontseat,20,1,20,0,0,0,20
c,caravansary,caravansary,20,1,20,16,16,4,0
c,cardroom,cardroom,20,1,20,16,16,4,0
c,cargo_deck/airplane,airplane,20,1,20,16,16,4,0
c,carport/freestanding,freestanding,20,1,20,16,16,4,0
c,carport/outdoor,outdoor,20,1,20,16,16,4,0
c,carrousel,carrousel,20,1,20,16,16,4,0
c,casino/indoor,indoor,20,1,20,16,16,4,0
c,casino/outdoor,outdoor,20,1,20,0,0,0,20
c,castle,castle,20,1,20,16,16,4,0
c,catacomb,catacomb,20,1,20,16,16,4,0
c,cathedral/indoor,indoor,20,1,20,16,16,4,0
c,cathedral/outdoor,outdoor,20,1,20,16,16,4,0
c,catwalk,catwalk,20,1,20,16,16,4,0
c,cavern/indoor,indoor,20,1,20,16,16,4,0
c,cemetery,cemetery,20,1,20,0,0,0,20
c,chalet,chalet,20,1,20,16,16,4,0
c,chaparral,chaparral,20,1,20,16,16,4,0
c,chapel,chapel,20,1,20,0,16,4,0
c,checkout_counter,checkout_counter,20,1,20,0,16,4,0
c,cheese_factory,cheese_factory,20,1,20,16,16,4,0
c,chemical_plant,chemical_plant,20,1,20,16,16,4,0
c,chemistry_lab,chemistry_lab,20,1,20,0,0,0,20
c,chicken_coop/indoor,indoor,20,1,20,16,16,4,0
c,chicken_coop/outdoor,outdoor,20,1,20,16,16,4,0
c,chicken_farm/indoor,indoor,20,1,20,16,16,4,0
c,chicken_farm/outdoor,outdoor,20,1,20,16,16,4,0
c,childs_room,childs_room,20,1,20,16,16,4,0
c,church/indoor,indoor,20,1,20,0,0,0,20
c,church/outdoor,outdoor,20,1,20,16,16,4,0
c,circus_tent/indoor,indoor,20,1,20,16,16,4,0
c,circus_tent/outdoor,outdoor,20,1,20,16,16,4,0
c,city,city,20,1,20,0,16,4,0
c,classroom,classroom,20,1,20,16,16,4,0
c,clean_room,clean_room,20,1,20,16,16,4,0
c,cliff,cliff,20,1,20,16,16,4,0
c,cloister/indoor,indoor,20,1,20,0,16,4,0
c,cloister/outdoor,outdoor,20,1,20,16,16,4,0
c,closet,closet,20,1,20,16,16,4,0
c,clothing_store,clothing_store,20,1,20,16,16,4,0
c,coast,coast,20,1,20,16,16,4,0
c,cockpit,cockpit,20,1,20,16,16,4,0
c,coffee_shop,coffee_shop,20,1,20,16,16,4,0
c,computer_room,computer_room,20,1,20,0,16,4,0
c,conference_center,conference_center,20,1,20,16,16,4,0
c,conference_hall,conference_hall,20,1,20,16,16,4,0
c,conference_room,conference_room,20,1,20,16,16,4,0
c,confessional,confessional,20,1,20,16,16,4,0
c,construction_site,construction_site,20,1,20,16,16,4,0
c,control_room,control_room,20,1,20,16,16,4,0
c,control_tower/indoor,indoor,20,1,20,16,16,4,0
c,control_tower/outdoor,outdoor,20,1,20,16,16,4,0
c,convenience_store/indoor,indoor,20,1,20,16,16,4,0
c,corn_field,corn_field,20,1,20,16,16,4,0
c,corral,corral,20,1,20,0,0,0,20
c,corridor,corridor,20,1,20,16,16,4,0
c,cottage,cottage,20,1,20,0,16,4,0
c,cottage_garden,cottage_garden,20,1,20,16,16,4,0
c,courthouse,courthouse,20,1,20,16,16,4,0
c,courtroom,courtroom,20,1,20,16,16,4,0
c,courtyard,courtyard,20,1,20,16,16,4,0
c,covered_bridge/exterior,exterior,20,1,20,16,16,4,0
c,crawl_space,crawl_space,20,1,20,16,16,4,0
c,creek,creek,20,1,20,16,16,4,0
c,crevasse,crevasse,20,1,20,16,16,4,0
c,crosswalk,crosswalk,20,1,20,16,16,4,0
c,cubicle/office,office,20,1,20,0,0,0,20
c,cybercafe,cybercafe,20,1,20,16,16,4,0
d,dacha,dacha,20,1,20,16,16,4,0
d,dairy/indoor,indoor,20,1,20,16,16,4,0
d,dam,dam,20,1,20,0,16,4,0
d,darkroom,darkroom,20,1,20,0,16,4,0
d,day_care_center,day_care_center,20,1,20,16,16,4,0
d,delicatessen,delicatessen,20,1,20,0,16,4,0
d,dentists_office,dentists_office,20,1,20,16,16,4,0
d,departure_lounge,departure_lounge,20,1,20,16,16,4,0
d,desert/sand,sand,20,1,20,16,16,4,0
d,desert/vegetation,vegetation,20,1,20,16,16,4,0
d,desert_road,desert_road,20,1,20,16,16,4,0
d,diner/indoor,indoor,20,1,20,16,16,4,0
d,diner/outdoor,outdoor,20,1,20,16,16,4,0
d,dinette/home,home,20,1,20,16,16,4,0
d,dinette/vehicle,vehicle,20,1,20,16,16,4,0
d,dining_car,dining_car,20,1,20,16,16,4,0
d,dining_hall,dining_hall,20,1,20,16,16,4,0
d,dining_room,dining_room,20,1,20,16,16,4,0
d,dirt_track,dirt_track,20,1,20,0,0,0,20
d,discotheque,discotheque,20,1,20,0,16,4,0
d,dock,dock,20,1,20,16,16,4,0
d,dolmen,dolmen,20,1,20,16,16,4,0
d,donjon,donjon,20,1,20,16,16,4,0
d,doorway/indoor,indoor,20,1,20,0,0,0,20
d,doorway/outdoor,outdoor,20,1,20,16,16,4,0
d,dorm_room,dorm_room,20,1,20,16,16,4,0
d,downtown,downtown,20,1,20,16,16,4,0
d,drainage_ditch,drainage_ditch,20,1,20,16,16,4,0
d,drill_rig,drill_rig,20,1,20,16,16,4,0
d,driveway,driveway,20,1,20,16,16,4,0
d,driving_range/outdoor,outdoor,20,1,20,16,16,4,0
d,drugstore,drugstore,20,1,20,16,16,4,0
d,dry_dock,dry_dock,20,1,20,0,16,4,0
d,dugout,dugout,20,1,20,16,16,4,0
e,earth_fissure,earth_fissure,20,1,20,16,16,4,0
e,editing_room,editing_room,20,1,20,16,16,4,0
e,electrical_substation,electrical_substation,20,1,20,16,16,4,0
e,elevator/door,door,20,1,20,16,16,4,0
e,elevator/freight_elevator,freight_elevator,20,1,20,16,16,4,0
e,elevator/interior,interior,20,1,20,0,0,0,20
e,elevator_lobby,elevator_lobby,20,1,20,16,16,4,0
e,elevator_shaft,elevator_shaft,20,1,20,16,16,4,0
e,embassy,embassy,20,1,20,16,16,4,0
e,engine_room,engine_room,20,1,20,16,16,4,0
e,escalator/indoor,indoor,20,1,20,16,16,4,0
e,escalator/outdoor,outdoor,20,1,20,16,16,4,0
e,estuary,estuary,20,1,20,16,16,4,0
e,excavation,excavation,20,1,20,0,0,0,20
e,exhibition_hall,exhibition_hall,20,1,20,0,0,0,20
f,factory/indoor,indoor,20,1,20,0,16,4,0
f,factory/outdoor,outdoor,20,1,20,0,16,4,0
f,fairway,fairway,20,1,20,16,16,4,0
f,farm,farm,20,1,20,0,16,4,0
f,fastfood_restaurant,fastfood_restaurant,20,1,20,16,16,4,0
f,fence,fence,20,1,20,16,16,4,0
f,ferryboat/outdoor,outdoor,20,1,20,16,16,4,0
f,field/cultivated,cultivated,20,1,20,0,0,0,20
f,field/wild,wild,20,1,20,16,16,4,0
f,field_road,field_road,20,1,20,16,16,4,0
f,fire_escape,fire_escape,20,1,20,16,16,4,0
f,fire_station,fire_station,20,1,20,16,16,4,0
f,firing_range/indoor,indoor,20,1,20,0,0,0,20
f,firing_range/outdoor,outdoor,20,1,20,16,16,4,0
f,fish_farm,fish_farm,20,1,20,16,16,4,0
f,fishpond,fishpond,20,1,20,0,0,0,20
f,fjord,fjord,20,1,20,16,16,4,0
f,flea_market/indoor,indoor,20,1,20,16,16,4,0
f,flea_market/outdoor,outdoor,20,1,20,16,16,4,0
f,flight_of_stairs/natural,natural,20,1,20,16,16,4,0
f,flight_of_stairs/urban,urban,20,1,20,16,16,4,0
f,flood,flood,20,1,20,16,16,4,0
f,florist_shop/indoor,indoor,20,1,20,16,16,4,0
f,fly_bridge,fly_bridge,20,1,20,16,16,4,0
f,food_court,food_court,20,1,20,16,16,4,0
f,football_field,football_field,20,1,20,16,16,4,0
f,forest/broadleaf,broadleaf,20,1,20,16,16,4,0
f,forest/needleleaf,needleleaf,20,1,20,16,16,4,0
f,forest_path,forest_path,20,1,20,16,16,4,0
f,forest_road,forest_road,20,1,20,16,16,4,0
f,formal_garden,formal_garden,20,1,20,16,16,4,0
f,fort,fort,20,1,20,16,16,4,0
f,fortress,fortress,20,1,20,16,16,4,0
f,foundry/indoor,indoor,20,1,20,16,16,4,0
f,foundry/outdoor,outdoor,20,1,20,16,16,4,0
f,fountain,fountain,20,1,20,16,16,4,0
f,freeway,freeway,20,1,20,16,16,4,0
f,funeral_chapel,funeral_chapel,20,1,20,16,16,4,0
f,furnace_room,furnace_room,20,1,20,16,16,4,0
g,galley,galley,20,1,20,0,0,0,20
g,game_room,game_room,20,1,20,16,16,4,0
g,gangplank,gangplank,20,1,20,16,16,4,0
g,garage/indoor,indoor,20,1,20,0,16,4,0
g,garage/outdoor,outdoor,20,1,20,16,16,4,0
g,garbage_dump,garbage_dump,20,1,20,0,16,4,0
g,gas_station,gas_station,20,1,20,16,16,4,0
g,gasworks,gasworks,20,1,20,16,16,4,0
g,gatehouse,gatehouse,20,1,20,0,16,4,0
g,gazebo/exterior,exterior,20,1,20,16,16,4,0
g,general_store/indoor,indoor,20,1,20,16,16,4,0
g,general_store/outdoor,outdoor,20,1,20,16,16,4,0
g,geodesic_dome/indoor,indoor,20,1,20,0,0,0,20
g,geodesic_dome/outdoor,outdoor,20,1,20,16,16,4,0
g,ghost_town,ghost_town,20,1,20,16,16,4,0
g,gift_shop,gift_shop,20,1,20,16,16,4,0
g,glacier,glacier,20,1,20,16,16,4,0
g,golf_course,golf_course,20,1,20,16,16,4,0
g,gorge,gorge,20,1,20,16,16,4,0
g,great_hall,great_hall,20,1,20,0,16,4,0
g,greenhouse/indoor,indoor,20,1,20,16,16,4,0
g,greenhouse/outdoor,outdoor,20,1,20,16,16,4,0
g,grotto,grotto,20,1,20,16,16,4,0
g,guardhouse,guardhouse,20,1,20,16,16,4,0
g,gulch,gulch,20,1,20,16,16,4,0
g,gun_deck/indoor,indoor,20,1,20,16,16,4,0
g,gymnasium/indoor,indoor,20,1,20,16,16,4,0
h,hacienda,hacienda,20,1,20,16,16,4,0
h,hallway,hallway,20,1,20,16,16,4,0
h,hangar/indoor,indoor,20,1,20,0,0,0,20
h,hangar/outdoor,outdoor,20,1,20,16,16,4,0
h,harbor,harbor,20,1,20,16,16,4,0
h,hayfield,hayfield,20,1,20,16,16,4,0
h,heath,heath,20,1,20,16,16,4,0
h,hedge_maze,hedge_maze,20,1,20,16,16,4,0
h,hedgerow,hedgerow,20,1,20,16,16,4,0
h,heliport,heliport,20,1,20,16,16,4,0
h,herb_garden,herb_garden,20,1,20,16,16,4,0
h,highway,highway,20,1,20,16,16,4,0
h,hill,hill,20,1,20,16,16,4,0
h,home_office,home_office,20,1,20,16,16,4,0
h,home_theater,home_theater,20,1,20,16,16,4,0
h,hoodoo,hoodoo,20,1,20,0,0,0,20
h,hospital,hospital,20,1,20,16,16,4,0
h,hospital_room,hospital_room,20,1,20,16,16,4,0
h,hot_spring,hot_spring,20,1,20,16,16,4,0
h,hot_tub/indoor,indoor,20,1,20,16,16,4,0
h,hot_tub/outdoor,outdoor,20,1,20,0,16,4,0
h,hotel/outdoor,outdoor,20,1,20,16,16,4,0
h,hotel_breakfast_area,hotel_breakfast_area,20,1,20,16,16,4,0
h,hotel_room,hotel_room,20,1,20,0,0,0,20
h,house,house,20,1,20,16,16,4,0
h,hunting_lodge/indoor,indoor,20,1,20,16,16,4,0
h,hunting_lodge/outdoor,outdoor,20,1,20,16,16,4,0
h,hut,hut,20,1,20,16,16,4,0
i,ice_floe,ice_floe,20,1,20,16,16,4,0
i,ice_shelf,ice_shelf,20,1,20,0,0,0,20
i,ice_skating_rink/indoor,indoor,20,1,20,16,16,4,0
i,ice_skating_rink/outdoor,outdoor,20,1,20,16,16,4,0
i,iceberg,iceberg,20,1,20,16,16,4,0
i,igloo,igloo,20,1,20,16,16,4,0
i,industrial_area,industrial_area,20,1,20,16,16,4,0
i,industrial_park,industrial_park,20,1,20,0,16,4,0
i,inn/indoor,indoor,20,1,20,0,16,4,0
i,inn/outdoor,outdoor,20,1,20,16,16,4,0
i,irrigation_ditch,irrigation_ditch,20,1,20,16,16,4,0
i,islet,islet,20,1,20,16,16,4,0
j,jacuzzi/indoor,indoor,20,1,20,0,0,0,20
j,jacuzzi/outdoor,outdoor,20,1,20,16,16,4,0
j,jail/indoor,indoor,20,1,20,16,16,4,0
j,jail/outdoor,outdoor,20,1,20,16,16,4,0
j,jail_cell,jail_cell,20,1,20,16,16,4,0
j,japanese_garden,japanese_garden,20,1,20,0,0,0,20
j,jewelry_shop,jewelry_shop,20,1,20,16,16,4,0
j,joss_house,joss_house,20,1,20,16,16,4,0
j,junk_pile,junk_pile,20,1,20,16,16,4,0
j,junkyard,junkyard,20,1,20,16,16,4,0
j,jury_box,jury_box,20,1,20,16,16,4,0
k,kasbah,kasbah,20,1,20,16,16,4,0
k,kennel/indoor,indoor,20,1,20,0,16,4,0
k,kennel/outdoor,outdoor,20,1,20,16,16,4,0
k,kindergarden_classroom,kindergarden_classroom,20,1,20,16,16,4,0
k,kiosk/indoor,indoor,20,1,20,16,16,4,0
k,kiosk/outdoor,outdoor,20,1,20,16,16,4,0
k,kitchen,kitchen,20,1,20,16,16,4,0
k,kitchenette,kitchenette,20,1,20,16,16,4,0
l,lab_classroom,lab_classroom,20,1,20,0,16,4,0
l,labyrinth/indoor,indoor,20,1,20,16,16,4,0
l,labyrinth/outdoor,outdoor,20,1,20,16,16,4,0
l,lagoon,lagoon,20,1,20,16,16,4,0
l,lake/artificial,artificial,20,1,20,16,16,4,0
l,lake/natural,natural,20,1,20,16,16,4,0
l,landfill,landfill,20,1,20,16,16,4,0
l,landing_deck,landing_deck,20,1,20,0,0,0,20
l,laundromat,laundromat,20,1,20,16,16,4,0
l,lawn,lawn,20,1,20,0,0,0,20
l,lean-to,lean-to,20,1,20,16,16,4,0
l,lecture_room,lecture_room,20,1,20,16,16,4,0
l,levee,levee,20,1,20,16,16,4,0
l,library/indoor,indoor,20,1,20,16,16,4,0
l,library/outdoor,outdoor,20,1,20,16,16,4,0
l,lido_deck/outdoor,outdoor,20,1,20,16,16,4,0
l,lift_bridge,lift_bridge,20,1,20,0,16,4,0
l,lighthouse,lighthouse,20,1,20,16,16,4,0
l,limousine_interior,limousine_interior,20,1,20,16,16,4,0
l,liquor_store/indoor,indoor,20,1,20,16,16,4,0
l,liquor_store/outdoor,outdoor,20,1,20,16,16,4,0
l,living_room,living_room,20,1,20,16,16,4,0
l,loading_dock,loading_dock,20,1,20,16,16,4,0
l,lobby,lobby,20,1,20,16,16,4,0
l,lock_chamber,lock_chamber,20,1,20,0,16,4,0
l,locker_room,locker_room,20,1,20,16,16,4,0
l,lookout_station/outdoor,outdoor,20,1,20,16,16,4,0
m,machine_shop,machine_shop,20,1,20,16,16,4,0
m,manhole,manhole,20,1,20,16,16,4,0
m,mansion,mansion,20,1,20,16,16,4,0
m,manufactured_home,manufactured_home,20,1,20,16,16,4,0
m,market/indoor,indoor,20,1,20,0,16,4,0
m,market/outdoor,outdoor,20,1,20,16,16,4,0
m,marsh,marsh,20,1,20,16,16,4,0
m,martial_arts_gym,martial_arts_gym,20,1,20,16,16,4,0
m,mastaba,mastaba,20,1,20,16,16,4,0
m,mausoleum,mausoleum,20,1,20,16,16,4,0
m,medina,medina,20,1,20,16,16,4,0
m,mesa,mesa,20,1,20,16,16,4,0
m,military_hospital,military_hospital,20,1,20,16,16,4,0
m,military_hut,military_hut,20,1,20,16,16,4,0
m,mine,mine,20,1,20,16,16,4,0
m,mineshaft,mineshaft,20,1,20,16,16,4,0
m,mini_golf_course/outdoor,outdoor,20,1,20,16,16,4,0
m,mission,mission,20,1,20,16,16,4,0
m,moat/dry,dry,20,1,20,16,16,4,0
m,moat/water,water,20,1,20,16,16,4,0
m,mobile_home,mobile_home,20,1,20,0,16,4,0
m,monastery/outdoor,outdoor,20,1,20,0,0,0,20
m,moor,moor,20,1,20,0,16,4,0
m,morgue,morgue,20,1,20,16,16,4,0
m,mosque/indoor,indoor,20,1,20,0,0,0,20
m,mosque/outdoor,outdoor,20,1,20,16,16,4,0
m,motel,motel,20,1,20,0,0,0,20
m,mountain,mountain,20,1,20,16,16,4,0
m,mountain_path,mountain_path,20,1,20,16,16,4,0
m,mountain_road,mountain_road,20,1,20,16,16,4,0
m,mountain_snowy,mountain_snowy,20,1,20,16,16,4,0
m,movie_theater/indoor,indoor,20,1,20,16,16,4,0
m,movie_theater/outdoor,outdoor,20,1,20,16,16,4,0
m,museum/indoor,indoor,20,1,20,16,16,4,0
m,museum/outdoor,outdoor,20,1,20,16,16,4,0
m,music_store,music_store,20,1,20,16,16,4,0
m,music_studio,music_studio,20,1,20,16,16,4,0
n,natural_history_museum,natural_history_museum,20,1,20,16,16,4,0
n,naval_base,naval_base,20,1,20,16,16,4,0
n,newsroom,newsroom,20,1,20,16,16,4,0
n,newsstand/outdoor,outdoor,20,1,20,16,16,4,0
n,nightclub,nightclub,20,1,20,0,0,0,20
n,nuclear_power_plant/indoor,indoor,20,1,20,16,16,4,0
n,nuclear_power_plant/outdoor,outdoor,20,1,20,16,16,4,0
n,nursery,nursery,20,1,20,16,16,4,0
n,nursing_home,nursing_home,20,1,20,16,16,4,0
o,oasis,oasis,20,1,20,16,16,4,0
o,oast_house,oast_house,20,1,20,16,16,4,0
o,observatory/indoor,indoor,20,1,20,16,16,4,0
o,observatory/outdoor,outdoor,20,1,20,0,0,0,20
o,ocean,ocean,20,1,20,16,16,4,0
o,office,office,20,1,20,16,16,4,0
o,office_building,office_building,20,1,20,16,16,4,0
o,office_cubicles,office_cubicles,20,1,20,16,16,4,0
o,oil_refinery/outdoor,outdoor,20,1,20,16,16,4,0
o,oilrig,oilrig,20,1,20,16,16,4,0
o,operating_room,operating_room,20,1,20,16,16,4,0
o,optician,optician,20,1,20,16,16,4,0
o,orchard,orchard,20,1,20,16,16,4,0
o,organ_loft/exterior,exterior,20,1,20,0,16,4,0
o,ossuary,ossuary,20,1,20,16,16,4,0
o,outcropping,outcropping,20,1,20,16,16,4,0
o,outhouse/outdoor,outdoor,20,1,20,16,16,4,0
o,overpass,overpass,20,1,20,16,16,4,0
p,packaging_plant,packaging_plant,20,1,20,0,16,4,0
p,pagoda,pagoda,20,1,20,16,16,4,0
p,palace,palace,20,1,20,16,16,4,0
p,pantry,pantry,20,1,20,16,16,4,0
p,parade_ground,parade_ground,20,1,20,0,16,4,0
p,park,park,20,1,20,16,16,4,0
p,parking_garage/indoor,indoor,20,1,20,16,16,4,0
p,parking_garage/outdoor,outdoor,20,1,20,16,16,4,0
p,parking_lot,parking_lot,20,1,20,0,0,0,20
p,parlor,parlor,20,1,20,16,16,4,0
p,particle_accelerator,particle_accelerator,20,1,20,16,16,4,0
p,pasture,pasture,20,1,20,16,16,4,0
p,patio,patio,20,1,20,16,16,4,0
p,pavilion,pavilion,20,1,20,16,16,4,0
p,pedestrian_overpass/outdoor,outdoor,20,1,20,16,16,4,0
p,pet_shop,pet_shop,20,1,20,16,16,4,0
p,pharmacy,pharmacy,20,1,20,16,16,4,0
p,phone_booth,phone_booth,20,1,20,16,16,4,0
p,physics_laboratory,physics_laboratory,20,1,20,16,16,4,0
p,piano_store,piano_store,20,1,20,0,0,0,20
p,picnic_area,picnic_area,20,1,20,16,16,4,0
p,pier,pier,20,1,20,16,16,4,0
p,pig_farm,pig_farm,20,1,20,16,16,4,0
p,pilothouse/indoor,indoor,20,1,20,0,16,4,0
p,pilothouse/outdoor,outdoor,20,1,20,16,16,4,0
p,pitchers_mound,pitchers_mound,20,1,20,16,16,4,0
p,pizzeria,pizzeria,20,1,20,16,16,4,0
p,planetarium/indoor,indoor,20,1,20,16,16,4,0
p,planetarium/outdoor,outdoor,20,1,20,16,16,4,0
p,plantation_house,plantation_house,20,1,20,16,16,4,0
p,playground,playground,20,1,20,0,0,0,20
p,playroom,playroom,20,1,20,16,16,4,0
p,plaza,plaza,20,1,20,0,16,4,0
p,podium/indoor,indoor,20,1,20,16,16,4,0
p,podium/outdoor,outdoor,20,1,20,0,16,4,0
p,pond,pond,20,1,20,16,16,4,0
p,poolroom/establishment,establishment,20,1,20,16,16,4,0
p,poolroom/home,home,20,1,20,16,16,4,0
p,porch,porch,20,1,20,16,16,4,0
p,portico,portico,20,1,20,16,16,4,0
p,power_plant/indoor,indoor,20,1,20,16,16,4,0
p,power_plant/outdoor,outdoor,20,1,20,16,16,4,0
p,print_shop,print_shop,20,1,20,16,16,4,0
p,priory,priory,20,1,20,16,16,4,0
p,promenade,promenade,20,1,20,16,16,4,0
p,promenade_deck,promenade_deck,20,1,20,0,0,0,20
p,pub/indoor,indoor,20,1,20,0,0,0,20
p,pub/outdoor,outdoor,20,1,20,16,16,4,0
p,pulpit,pulpit,20,1,20,16,16,4,0
p,pump_room,pump_room,20,1,20,16,16,4,0
p,putting_green,putting_green,20,1,20,16,16,4,0
q,quadrangle,quadrangle,20,1,20,16,16,4,0
q,quay,quay,20,1,20,16,16,4,0
q,quonset_hut/outdoor,outdoor,20,1,20,0,16,4,0
r,racecourse,racecourse,20,1,20,0,0,0,20
r,raceway,raceway,20,1,20,16,16,4,0
r,raft,raft,20,1,20,16,16,4,0
r,railroad_track,railroad_track,20,1,20,16,16,4,0
r,railway_yard,railway_yard,20,1,20,16,16,4,0
r,rainforest,rainforest,20,1,20,16,16,4,0
r,ramp,ramp,20,1,20,16,16,4,0
r,ranch,ranch,20,1,20,16,16,4,0
r,ranch_house,ranch_house,20,1,20,16,16,4,0
r,reading_room,reading_room,20,1,20,16,16,4,0
r,reception,reception,20,1,20,16,16,4,0
r,recreation_room,recreation_room,20,1,20,16,16,4,0
r,rectory,rectory,20,1,20,0,0,0,20
r,recycling_plant/indoor,indoor,20,1,20,16,16,4,0
r,recycling_plant/outdoor,outdoor,20,1,20,16,16,4,0
r,repair_shop,repair_shop,20,1,20,16,16,4,0
r,residential_neighborhood,residential_neighborhood,20,1,20,16,16,4,0
r,resort,resort,20,1,20,16,16,4,0
r,restaurant,restaurant,20,1,20,16,16,4,0
r,restaurant_kitchen,restaurant_kitchen,20,1,20,16,16,4,0
r,restaurant_patio,restaurant_patio,20,1,20,16,16,4,0
r,restroom/indoor,indoor,20,1,20,16,16,4,0
r,restroom/outdoor,outdoor,20,1,20,16,16,4,0
r,revolving_door,revolving_door,20,1,20,16,16,4,0
r,rice_paddy,rice_paddy,20,1,20,16,16,4,0
r,riding_arena,riding_arena,20,1,20,16,16,4,0
r,river,river,20,1,20,16,16,4,0
r,road_cut,road_cut,20,1,20,16,16,4,0
r,rock_arch,rock_arch,20,1,20,0,16,4,0
r,rolling_mill,rolling_mill,20,1,20,16,16,4,0
r,roof,roof,20,1,20,16,16,4,0
r,root_cellar,root_cellar,20,1,20,16,16,4,0
r,rope_bridge,rope_bridge,20,1,20,16,16,4,0
r,roundabout,roundabout,20,1,20,16,16,4,0
r,rubble,rubble,20,1,20,16,16,4,0
r,ruin,ruin,20,1,20,16,16,4,0
r,runway,runway,20,1,20,16,16,4,0
s,sacristy,sacristy,20,1,20,16,16,4,0
s,salt_plain,salt_plain,20,1,20,16,16,4,0
s,sand_trap,sand_trap,20,1,20,16,16,4,0
s,sandbar,sandbar,20,1,20,16,16,4,0
s,sandbox,sandbox,20,1,20,0,0,0,20
s,sauna,sauna,20,1,20,16,16,4,0
s,savanna,savanna,20,1,20,0,0,0,20
s,sawmill,sawmill,20,1,20,16,16,4,0
s,schoolhouse,schoolhouse,20,1,20,0,16,4,0
s,schoolyard,schoolyard,20,1,20,16,16,4,0
s,science_museum,science_museum,20,1,20,0,16,4,0
s,sea_cliff,sea_cliff,20,1,20,16,16,4,0
s,seawall,seawall,20,1,20,16,16,4,0
s,server_room,server_room,20,1,20,16,16,4,0
s,sewing_room,sewing_room,20,1,20,16,16,4,0
s,shed,shed,20,1,20,16,16,4,0
s,shipping_room,shipping_room,20,1,20,16,16,4,0
s,shipyard/outdoor,outdoor,20,1,20,16,16,4,0
s,shoe_shop,shoe_shop,20,1,20,0,16,4,0
s,shopfront,shopfront,20,1,20,16,16,4,0
s,shopping_mall/indoor,indoor,20,1,20,16,16,4,0
s,shower,shower,20,1,20,16,16,4,0
s,signal_box,signal_box,20,1,20,16,16,4,0
s,skatepark,skatepark,20,1,20,16,16,4,0
s,ski_jump,ski_jump,20,1,20,16,16,4,0
s,ski_lodge,ski_lodge,20,1,20,0,16,4,0
s,ski_resort,ski_resort,20,1,20,0,0,0,20
s,ski_slope,ski_slope,20,1,20,16,16,4,0
s,sky,sky,20,1,20,0,16,4,0
s,skyscraper,skyscraper,20,1,20,16,16,4,0
s,slum,slum,20,1,20,16,16,4,0
s,snowfield,snowfield,20,1,20,16,16,4,0
s,soccer_field,soccer_field,20,1,20,16,16,4,0
s,spillway,spillway,20,1,20,16,16,4,0
s,squash_court,squash_court,20,1,20,16,16,4,0
s,stable,stable,20,1,20,16,16,4,0
s,stadium/baseball,baseball,20,1,20,16,16,4,0
s,stadium/football,football,20,1,20,16,16,4,0
s,stadium/outdoor,outdoor,20,1,20,16,16,4,0
s,stadium/soccer,soccer,20,1,20,16,16,4,0
s,stage/indoor,indoor,20,1,20,16,16,4,0
s,stage/outdoor,outdoor,20,1,20,16,16,4,0
s,staircase,staircase,20,1,20,0,16,4,0
s,steel_mill/indoor,indoor,20,1,20,16,16,4,0
s,steel_mill/outdoor,outdoor,20,1,20,16,16,4,0
s,stilt_house/water,water,20,1,20,0,16,4,0
s,stone_circle,stone_circle,20,1,20,16,16,4,0
s,street,street,20,1,20,16,16,4,0
s,strip_mall,strip_mall,20,1,20,16,16,4,0
s,strip_mine,strip_mine,20,1,20,16,16,4,0
s,submarine_interior,submarine_interior,20,1,20,16,16,4,0
s,subway_interior,subway_interior,20,1,20,16,16,4,0
s,subway_station/corridor,corridor,20,1,20,16,16,4,0
s,subway_station/platform,platform,20,1,20,0,16,4,0
s,sun_deck,sun_deck,20,1,20,16,16,4,0
s,supermarket,supermarket,20,1,20,16,16,4,0
s,sushi_bar,sushi_bar,20,1,20,16,16,4,0
s,swamp,swamp,20,1,20,16,16,4,0
s,swimming_hole,swimming_hole,20,1,20,16,16,4,0
s,swimming_pool/indoor,indoor,20,1,20,16,16,4,0
s,swimming_pool/outdoor,outdoor,20,1,20,16,16,4,0
s,synagogue/indoor,indoor,20,1,20,16,16,4,0
s,synagogue/outdoor,outdoor,20,1,20,0,16,4,0
t,tea_garden,tea_garden,20,1,20,16,16,4,0
t,tearoom,tearoom,20,1,20,16,16,4,0
t,teashop,teashop,20,1,20,16,16,4,0
t,television_studio,television_studio,20,1,20,16,16,4,0
t,temple/east_asia,east_asia,20,1,20,16,16,4,0
t,temple/south_asia,south_asia,20,1,20,0,0,0,20
t,temple/western,western,20,1,20,16,16,4,0
t,tennis_court/indoor,indoor,20,1,20,16,16,4,0
t,tennis_court/outdoor,outdoor,20,1,20,16,16,4,0
t,tent/indoor,indoor,20,1,20,16,16,4,0
t,tent/outdoor,outdoor,20,1,20,16,16,4,0
t,terrace_farm,terrace_farm,20,1,20,16,16,4,0
t,theater/indoor_procenium,indoor_procenium,20,1,20,16,16,4,0
t,theater/indoor_round,indoor_round,20,1,20,16,16,4,0
t,theater/indoor_seats,indoor_seats,20,1,20,0,0,0,20
t,theater/outdoor,outdoor,20,1,20,0,16,4,0
t,thriftshop,thriftshop,20,1,20,16,16,4,0
t,throne_room,throne_room,20,1,20,16,16,4,0
t,ticket_booth,ticket_booth,20,1,20,0,0,0,20
t,ticket_window/outdoor,outdoor,20,1,20,16,16,4,0
t,toll_plaza,toll_plaza,20,1,20,16,16,4,0
t,tollbooth,tollbooth,20,1,20,16,16,4,0
t,topiary_garden,topiary_garden,20,1,20,16,16,4,0
t,tower,tower,20,1,20,16,16,4,0
t,town_house,town_house,20,1,20,16,16,4,0
t,toyshop,toyshop,20,1,20,16,16,4,0
t,track/indoor,indoor,20,1,20,16,16,4,0
t,track/outdoor,outdoor,20,1,20,16,16,4,0
t,trading_floor,trading_floor,20,1,20,0,0,0,20
t,trailer_park,trailer_park,20,1,20,16,16,4,0
t,train_depot,train_depot,20,1,20,16,16,4,0
t,train_railway,train_railway,20,1,20,16,16,4,0
t,train_station/outdoor,outdoor,20,1,20,16,16,4,0
t,train_station/platform,platform,20,1,20,0,0,0,20
t,train_station/station,station,20,1,20,16,16,4,0
t,tree_farm,tree_farm,20,1,20,16,16,4,0
t,tree_house,tree_house,20,1,20,16,16,4,0
t,trench,trench,20,1,20,16,16,4,0
t,trestle_bridge,trestle_bridge,20,1,20,0,16,4,0
t,tundra,tundra,20,1,20,0,0,0,20
t,tunnel/rail_outdoor,rail_outdoor,20,1,20,0,16,4,0
t,tunnel/road_outdoor,road_outdoor,20,1,20,0,0,0,20
u,underwater/coral_reef,coral_reef,20,1,20,16,16,4,0
u,underwater/ice,ice,20,1,20,16,16,4,0
u,underwater/kelp_forest,kelp_forest,20,1,20,16,16,4,0
u,underwater/ocean_deep,ocean_deep,20,1,20,16,16,4,0
u,underwater/ocean_shallow,ocean_shallow,20,1,20,16,16,4,0
u,underwater/pool,pool,20,1,20,16,16,4,0
u,underwater/wreck,wreck,20,1,20,0,16,4,0
u,utility_room,utility_room,20,1,20,16,16,4,0
v,valley,valley,20,1,20,0,16,4,0
v,van_interior,van_interior,20,1,20,16,16,4,0
v,vegetable_garden,vegetable_garden,20,1,20,16,16,4,0
v,velodrome/indoor,indoor,20,1,20,16,16,4,0
v,velodrome/outdoor,outdoor,20,1,20,16,16,4,0
v,ventilation_shaft,ventilation_shaft,20,1,20,16,16,4,0
v,veranda,veranda,20,1,20,16,16,4,0
v,vestry,vestry,20,1,20,0,0,0,20
v,veterinarians_office,veterinarians_office,20,1,20,16,16,4,0
v,viaduct,viaduct,20,1,20,0,16,4,0
v,videostore,videostore,20,1,20,16,16,4,0
v,village,village,20,1,20,16,16,4,0
v,vineyard,vineyard,20,1,20,0,0,0,20
v,volcano,volcano,20,1,20,16,16,4,0
v,volleyball_court/outdoor,outdoor,20,1,20,0,0,0,20
v,voting_booth,voting_booth,20,1,20,16,16,4,0
w,waiting_room,waiting_room,20,1,20,0,16,4,0
w,warehouse/indoor,indoor,20,1,20,16,16,4,0
w,watchtower,watchtower,20,1,20,16,16,4,0
w,water_mill,water_mill,20,1,20,16,16,4,0
w,water_tower,water_tower,20,1,20,16,16,4,0
w,water_treatment_plant/indoor,indoor,20,1,20,16,16,4,0
w,water_treatment_plant/outdoor,outdoor,20,1,20,16,16,4,0
w,waterfall/block,block,20,1,20,16,16,4,0
w,waterfall/cascade,cascade,20,1,20,0,16,4,0
w,waterfall/cataract,cataract,20,1,20,16,16,4,0
w,waterfall/fan,fan,20,1,20,16,16,4,0
w,waterfall/plunge,plunge,20,1,20,16,16,4,0
w,watering_hole,watering_hole,20,1,20,0,0,0,20
w,wave,wave,20,1,20,16,16,4,0
w,weighbridge,weighbridge,20,1,20,0,16,4,0
w,wet_bar,wet_bar,20,1,20,16,16,4,0
w,wharf,wharf,20,1,20,16,16,4,0
w,wheat_field,wheat_field,20,1,20,16,16,4,0
w,wind_farm,wind_farm,20,1,20,16,16,4,0
w,windmill,windmill,20,1,20,16,16,4,0
w,window_seat,window_seat,20,1,20,16,16,4,0
w,wine_cellar/barrel_storage,barrel_storage,20,1,20,0,16,4,0
w,wine_cellar/bottle_storage,bottle_storage,20,1,20,16,16,4,0
w,winery,winery,20,1,20,16,16,4,0
w,witness_stand,witness_stand,20,1,20,16,16,4,0
w,woodland,woodland,20,1,20,16,16,4,0
w,workroom,workroom,20,1,20,16,16,4,0
w,workshop,workshop,20,1,20,0,0,0,20
w,wrestling_ring/indoor,indoor,20,1,20,0,0,0,20
y,yard,yard,20,1,20,0,0,0,20
y,youth_hostel,youth_hostel,20,1,20,16,16,4,0
z,zen_garden,zen_garden,20,1,20,16,16,4,0
z,ziggurat,ziggurat,20,1,20,0,0,0,20
z,zoo,zoo,20,1,20,16,16,4,0
